,SMWH LN Equity
,RETURN_COM_EQY
2010-01-01,36.1032
2010-01-02,36.1032
2010-01-03,36.1032
2010-01-04,36.1032
2010-01-05,36.1032
2010-01-06,36.1032
2010-01-07,36.1032
2010-01-08,36.1032
2010-01-09,36.1032
2010-01-10,36.1032
2010-01-11,36.1032
2010-01-12,36.1032
2010-01-13,36.1032
2010-01-14,36.1032
2010-01-15,36.1032
2010-01-16,36.1032
2010-01-17,36.1032
2010-01-18,36.1032
2010-01-19,36.1032
2010-01-20,36.1032
2010-01-21,36.1032
2010-01-22,36.1032
2010-01-23,36.1032
2010-01-24,36.1032
2010-01-25,36.1032
2010-01-26,36.1032
2010-01-27,36.1032
2010-01-28,36.1032
2010-01-29,36.1032
2010-01-30,36.1032
2010-01-31,36.1032
2010-02-01,36.1032
2010-02-02,36.1032
2010-02-03,36.1032
2010-02-04,36.1032
2010-02-05,36.1032
2010-02-06,36.1032
2010-02-07,36.1032
2010-02-08,36.1032
2010-02-09,36.1032
2010-02-10,36.1032
2010-02-11,36.1032
2010-02-12,36.1032
2010-02-13,36.1032
2010-02-14,36.1032
2010-02-15,36.1032
2010-02-16,36.1032
2010-02-17,36.1032
2010-02-18,36.1032
2010-02-19,36.1032
2010-02-20,36.1032
2010-02-21,36.1032
2010-02-22,36.1032
2010-02-23,36.1032
2010-02-24,36.1032
2010-02-25,36.1032
2010-02-26,36.1032
2010-02-27,36.1032
2010-02-28,33.6898
2010-03-01,33.6898
2010-03-02,33.6898
2010-03-03,33.6898
2010-03-04,33.6898
2010-03-05,33.6898
2010-03-06,33.6898
2010-03-07,33.6898
2010-03-08,33.6898
2010-03-09,33.6898
2010-03-10,33.6898
2010-03-11,33.6898
2010-03-12,33.6898
2010-03-13,33.6898
2010-03-14,33.6898
2010-03-15,33.6898
2010-03-16,33.6898
2010-03-17,33.6898
2010-03-18,33.6898
2010-03-19,33.6898
2010-03-20,33.6898
2010-03-21,33.6898
2010-03-22,33.6898
2010-03-23,33.6898
2010-03-24,33.6898
2010-03-25,33.6898
2010-03-26,33.6898
2010-03-27,33.6898
2010-03-28,33.6898
2010-03-29,33.6898
2010-03-30,33.6898
2010-03-31,33.6898
2010-04-01,33.6898
2010-04-02,33.6898
2010-04-03,33.6898
2010-04-04,33.6898
2010-04-05,33.6898
2010-04-06,33.6898
2010-04-07,33.6898
2010-04-08,33.6898
2010-04-09,33.6898
2010-04-10,33.6898
2010-04-11,33.6898
2010-04-12,33.6898
2010-04-13,33.6898
2010-04-14,33.6898
2010-04-15,33.6898
2010-04-16,33.6898
2010-04-17,33.6898
2010-04-18,33.6898
2010-04-19,33.6898
2010-04-20,33.6898
2010-04-21,33.6898
2010-04-22,33.6898
2010-04-23,33.6898
2010-04-24,33.6898
2010-04-25,33.6898
2010-04-26,33.6898
2010-04-27,33.6898
2010-04-28,33.6898
2010-04-29,33.6898
2010-04-30,33.6898
2010-05-01,33.6898
2010-05-02,33.6898
2010-05-03,33.6898
2010-05-04,33.6898
2010-05-05,33.6898
2010-05-06,33.6898
2010-05-07,33.6898
2010-05-08,33.6898
2010-05-09,33.6898
2010-05-10,33.6898
2010-05-11,33.6898
2010-05-12,33.6898
2010-05-13,33.6898
2010-05-14,33.6898
2010-05-15,33.6898
2010-05-16,33.6898
2010-05-17,33.6898
2010-05-18,33.6898
2010-05-19,33.6898
2010-05-20,33.6898
2010-05-21,33.6898
2010-05-22,33.6898
2010-05-23,33.6898
2010-05-24,33.6898
2010-05-25,33.6898
2010-05-26,33.6898
2010-05-27,33.6898
2010-05-28,33.6898
2010-05-29,33.6898
2010-05-30,33.6898
2010-05-31,33.6898
2010-06-01,33.6898
2010-06-02,33.6898
2010-06-03,33.6898
2010-06-04,33.6898
2010-06-05,33.6898
2010-06-06,33.6898
2010-06-07,33.6898
2010-06-08,33.6898
2010-06-09,33.6898
2010-06-10,33.6898
2010-06-11,33.6898
2010-06-12,33.6898
2010-06-13,33.6898
2010-06-14,33.6898
2010-06-15,33.6898
2010-06-16,33.6898
2010-06-17,33.6898
2010-06-18,33.6898
2010-06-19,33.6898
2010-06-20,33.6898
2010-06-21,33.6898
2010-06-22,33.6898
2010-06-23,33.6898
2010-06-24,33.6898
2010-06-25,33.6898
2010-06-26,33.6898
2010-06-27,33.6898
2010-06-28,33.6898
2010-06-29,33.6898
2010-06-30,33.6898
2010-07-01,33.6898
2010-07-02,33.6898
2010-07-03,33.6898
2010-07-04,33.6898
2010-07-05,33.6898
2010-07-06,33.6898
2010-07-07,33.6898
2010-07-08,33.6898
2010-07-09,33.6898
2010-07-10,33.6898
2010-07-11,33.6898
2010-07-12,33.6898
2010-07-13,33.6898
2010-07-14,33.6898
2010-07-15,33.6898
2010-07-16,33.6898
2010-07-17,33.6898
2010-07-18,33.6898
2010-07-19,33.6898
2010-07-20,33.6898
2010-07-21,33.6898
2010-07-22,33.6898
2010-07-23,33.6898
2010-07-24,33.6898
2010-07-25,33.6898
2010-07-26,33.6898
2010-07-27,33.6898
2010-07-28,33.6898
2010-07-29,33.6898
2010-07-30,33.6898
2010-07-31,33.6898
2010-08-01,33.6898
2010-08-02,33.6898
2010-08-03,33.6898
2010-08-04,33.6898
2010-08-05,33.6898
2010-08-06,33.6898
2010-08-07,33.6898
2010-08-08,33.6898
2010-08-09,33.6898
2010-08-10,33.6898
2010-08-11,33.6898
2010-08-12,33.6898
2010-08-13,33.6898
2010-08-14,33.6898
2010-08-15,33.6898
2010-08-16,33.6898
2010-08-17,33.6898
2010-08-18,33.6898
2010-08-19,33.6898
2010-08-20,33.6898
2010-08-21,33.6898
2010-08-22,33.6898
2010-08-23,33.6898
2010-08-24,33.6898
2010-08-25,33.6898
2010-08-26,33.6898
2010-08-27,33.6898
2010-08-28,33.6898
2010-08-29,33.6898
2010-08-30,33.6898
2010-08-31,36.8984
2010-09-01,36.8984
2010-09-02,36.8984
2010-09-03,36.8984
2010-09-04,36.8984
2010-09-05,36.8984
2010-09-06,36.8984
2010-09-07,36.8984
2010-09-08,36.8984
2010-09-09,36.8984
2010-09-10,36.8984
2010-09-11,36.8984
2010-09-12,36.8984
2010-09-13,36.8984
2010-09-14,36.8984
2010-09-15,36.8984
2010-09-16,36.8984
2010-09-17,36.8984
2010-09-18,36.8984
2010-09-19,36.8984
2010-09-20,36.8984
2010-09-21,36.8984
2010-09-22,36.8984
2010-09-23,36.8984
2010-09-24,36.8984
2010-09-25,36.8984
2010-09-26,36.8984
2010-09-27,36.8984
2010-09-28,36.8984
2010-09-29,36.8984
2010-09-30,36.8984
2010-10-01,36.8984
2010-10-02,36.8984
2010-10-03,36.8984
2010-10-04,36.8984
2010-10-05,36.8984
2010-10-06,36.8984
2010-10-07,36.8984
2010-10-08,36.8984
2010-10-09,36.8984
2010-10-10,36.8984
2010-10-11,36.8984
2010-10-12,36.8984
2010-10-13,36.8984
2010-10-14,36.8984
2010-10-15,36.8984
2010-10-16,36.8984
2010-10-17,36.8984
2010-10-18,36.8984
2010-10-19,36.8984
2010-10-20,36.8984
2010-10-21,36.8984
2010-10-22,36.8984
2010-10-23,36.8984
2010-10-24,36.8984
2010-10-25,36.8984
2010-10-26,36.8984
2010-10-27,36.8984
2010-10-28,36.8984
2010-10-29,36.8984
2010-10-30,36.8984
2010-10-31,36.8984
2010-11-01,36.8984
2010-11-02,36.8984
2010-11-03,36.8984
2010-11-04,36.8984
2010-11-05,36.8984
2010-11-06,36.8984
2010-11-07,36.8984
2010-11-08,36.8984
2010-11-09,36.8984
2010-11-10,36.8984
2010-11-11,36.8984
2010-11-12,36.8984
2010-11-13,36.8984
2010-11-14,36.8984
2010-11-15,36.8984
2010-11-16,36.8984
2010-11-17,36.8984
2010-11-18,36.8984
2010-11-19,36.8984
2010-11-20,36.8984
2010-11-21,36.8984
2010-11-22,36.8984
2010-11-23,36.8984
2010-11-24,36.8984
2010-11-25,36.8984
2010-11-26,36.8984
2010-11-27,36.8984
2010-11-28,36.8984
2010-11-29,36.8984
2010-11-30,36.8984
2010-12-01,36.8984
2010-12-02,36.8984
2010-12-03,36.8984
2010-12-04,36.8984
2010-12-05,36.8984
2010-12-06,36.8984
2010-12-07,36.8984
2010-12-08,36.8984
2010-12-09,36.8984
2010-12-10,36.8984
2010-12-11,36.8984
2010-12-12,36.8984
2010-12-13,36.8984
2010-12-14,36.8984
2010-12-15,36.8984
2010-12-16,36.8984
2010-12-17,36.8984
2010-12-18,36.8984
2010-12-19,36.8984
2010-12-20,36.8984
2010-12-21,36.8984
2010-12-22,36.8984
2010-12-23,36.8984
2010-12-24,36.8984
2010-12-25,36.8984
2010-12-26,36.8984
2010-12-27,36.8984
2010-12-28,36.8984
2010-12-29,36.8984
2010-12-30,36.8984
2010-12-31,36.8984
2011-01-01,36.8984
2011-01-02,36.8984
2011-01-03,36.8984
2011-01-04,36.8984
2011-01-05,36.8984
2011-01-06,36.8984
2011-01-07,36.8984
2011-01-08,36.8984
2011-01-09,36.8984
2011-01-10,36.8984
2011-01-11,36.8984
2011-01-12,36.8984
2011-01-13,36.8984
2011-01-14,36.8984
2011-01-15,36.8984
2011-01-16,36.8984
2011-01-17,36.8984
2011-01-18,36.8984
2011-01-19,36.8984
2011-01-20,36.8984
2011-01-21,36.8984
2011-01-22,36.8984
2011-01-23,36.8984
2011-01-24,36.8984
2011-01-25,36.8984
2011-01-26,36.8984
2011-01-27,36.8984
2011-01-28,36.8984
2011-01-29,36.8984
2011-01-30,36.8984
2011-01-31,36.8984
2011-02-01,36.8984
2011-02-02,36.8984
2011-02-03,36.8984
2011-02-04,36.8984
2011-02-05,36.8984
2011-02-06,36.8984
2011-02-07,36.8984
2011-02-08,36.8984
2011-02-09,36.8984
2011-02-10,36.8984
2011-02-11,36.8984
2011-02-12,36.8984
2011-02-13,36.8984
2011-02-14,36.8984
2011-02-15,36.8984
2011-02-16,36.8984
2011-02-17,36.8984
2011-02-18,36.8984
2011-02-19,36.8984
2011-02-20,36.8984
2011-02-21,36.8984
2011-02-22,36.8984
2011-02-23,36.8984
2011-02-24,36.8984
2011-02-25,36.8984
2011-02-26,36.8984
2011-02-27,36.8984
2011-02-28,40.0
2011-03-01,40.0
2011-03-02,40.0
2011-03-03,40.0
2011-03-04,40.0
2011-03-05,40.0
2011-03-06,40.0
2011-03-07,40.0
2011-03-08,40.0
2011-03-09,40.0
2011-03-10,40.0
2011-03-11,40.0
2011-03-12,40.0
2011-03-13,40.0
2011-03-14,40.0
2011-03-15,40.0
2011-03-16,40.0
2011-03-17,40.0
2011-03-18,40.0
2011-03-19,40.0
2011-03-20,40.0
2011-03-21,40.0
2011-03-22,40.0
2011-03-23,40.0
2011-03-24,40.0
2011-03-25,40.0
2011-03-26,40.0
2011-03-27,40.0
2011-03-28,40.0
2011-03-29,40.0
2011-03-30,40.0
2011-03-31,40.0
2011-04-01,40.0
2011-04-02,40.0
2011-04-03,40.0
2011-04-04,40.0
2011-04-05,40.0
2011-04-06,40.0
2011-04-07,40.0
2011-04-08,40.0
2011-04-09,40.0
2011-04-10,40.0
2011-04-11,40.0
2011-04-12,40.0
2011-04-13,40.0
2011-04-14,40.0
2011-04-15,40.0
2011-04-16,40.0
2011-04-17,40.0
2011-04-18,40.0
2011-04-19,40.0
2011-04-20,40.0
2011-04-21,40.0
2011-04-22,40.0
2011-04-23,40.0
2011-04-24,40.0
2011-04-25,40.0
2011-04-26,40.0
2011-04-27,40.0
2011-04-28,40.0
2011-04-29,40.0
2011-04-30,40.0
2011-05-01,40.0
2011-05-02,40.0
2011-05-03,40.0
2011-05-04,40.0
2011-05-05,40.0
2011-05-06,40.0
2011-05-07,40.0
2011-05-08,40.0
2011-05-09,40.0
2011-05-10,40.0
2011-05-11,40.0
2011-05-12,40.0
2011-05-13,40.0
2011-05-14,40.0
2011-05-15,40.0
2011-05-16,40.0
2011-05-17,40.0
2011-05-18,40.0
2011-05-19,40.0
2011-05-20,40.0
2011-05-21,40.0
2011-05-22,40.0
2011-05-23,40.0
2011-05-24,40.0
2011-05-25,40.0
2011-05-26,40.0
2011-05-27,40.0
2011-05-28,40.0
2011-05-29,40.0
2011-05-30,40.0
2011-05-31,40.0
2011-06-01,40.0
2011-06-02,40.0
2011-06-03,40.0
2011-06-04,40.0
2011-06-05,40.0
2011-06-06,40.0
2011-06-07,40.0
2011-06-08,40.0
2011-06-09,40.0
2011-06-10,40.0
2011-06-11,40.0
2011-06-12,40.0
2011-06-13,40.0
2011-06-14,40.0
2011-06-15,40.0
2011-06-16,40.0
2011-06-17,40.0
2011-06-18,40.0
2011-06-19,40.0
2011-06-20,40.0
2011-06-21,40.0
2011-06-22,40.0
2011-06-23,40.0
2011-06-24,40.0
2011-06-25,40.0
2011-06-26,40.0
2011-06-27,40.0
2011-06-28,40.0
2011-06-29,40.0
2011-06-30,40.0
2011-07-01,40.0
2011-07-02,40.0
2011-07-03,40.0
2011-07-04,40.0
2011-07-05,40.0
2011-07-06,40.0
2011-07-07,40.0
2011-07-08,40.0
2011-07-09,40.0
2011-07-10,40.0
2011-07-11,40.0
2011-07-12,40.0
2011-07-13,40.0
2011-07-14,40.0
2011-07-15,40.0
2011-07-16,40.0
2011-07-17,40.0
2011-07-18,40.0
2011-07-19,40.0
2011-07-20,40.0
2011-07-21,40.0
2011-07-22,40.0
2011-07-23,40.0
2011-07-24,40.0
2011-07-25,40.0
2011-07-26,40.0
2011-07-27,40.0
2011-07-28,40.0
2011-07-29,40.0
2011-07-30,40.0
2011-07-31,40.0
2011-08-01,40.0
2011-08-02,40.0
2011-08-03,40.0
2011-08-04,40.0
2011-08-05,40.0
2011-08-06,40.0
2011-08-07,40.0
2011-08-08,40.0
2011-08-09,40.0
2011-08-10,40.0
2011-08-11,40.0
2011-08-12,40.0
2011-08-13,40.0
2011-08-14,40.0
2011-08-15,40.0
2011-08-16,40.0
2011-08-17,40.0
2011-08-18,40.0
2011-08-19,40.0
2011-08-20,40.0
2011-08-21,40.0
2011-08-22,40.0
2011-08-23,40.0
2011-08-24,40.0
2011-08-25,40.0
2011-08-26,40.0
2011-08-27,40.0
2011-08-28,40.0
2011-08-29,40.0
2011-08-30,40.0
2011-08-31,42.6901
2011-09-01,42.6901
2011-09-02,42.6901
2011-09-03,42.6901
2011-09-04,42.6901
2011-09-05,42.6901
2011-09-06,42.6901
2011-09-07,42.6901
2011-09-08,42.6901
2011-09-09,42.6901
2011-09-10,42.6901
2011-09-11,42.6901
2011-09-12,42.6901
2011-09-13,42.6901
2011-09-14,42.6901
2011-09-15,42.6901
2011-09-16,42.6901
2011-09-17,42.6901
2011-09-18,42.6901
2011-09-19,42.6901
2011-09-20,42.6901
2011-09-21,42.6901
2011-09-22,42.6901
2011-09-23,42.6901
2011-09-24,42.6901
2011-09-25,42.6901
2011-09-26,42.6901
2011-09-27,42.6901
2011-09-28,42.6901
2011-09-29,42.6901
2011-09-30,42.6901
2011-10-01,42.6901
2011-10-02,42.6901
2011-10-03,42.6901
2011-10-04,42.6901
2011-10-05,42.6901
2011-10-06,42.6901
2011-10-07,42.6901
2011-10-08,42.6901
2011-10-09,42.6901
2011-10-10,42.6901
2011-10-11,42.6901
2011-10-12,42.6901
2011-10-13,42.6901
2011-10-14,42.6901
2011-10-15,42.6901
2011-10-16,42.6901
2011-10-17,42.6901
2011-10-18,42.6901
2011-10-19,42.6901
2011-10-20,42.6901
2011-10-21,42.6901
2011-10-22,42.6901
2011-10-23,42.6901
2011-10-24,42.6901
2011-10-25,42.6901
2011-10-26,42.6901
2011-10-27,42.6901
2011-10-28,42.6901
2011-10-29,42.6901
2011-10-30,42.6901
2011-10-31,42.6901
2011-11-01,42.6901
2011-11-02,42.6901
2011-11-03,42.6901
2011-11-04,42.6901
2011-11-05,42.6901
2011-11-06,42.6901
2011-11-07,42.6901
2011-11-08,42.6901
2011-11-09,42.6901
2011-11-10,42.6901
2011-11-11,42.6901
2011-11-12,42.6901
2011-11-13,42.6901
2011-11-14,42.6901
2011-11-15,42.6901
2011-11-16,42.6901
2011-11-17,42.6901
2011-11-18,42.6901
2011-11-19,42.6901
2011-11-20,42.6901
2011-11-21,42.6901
2011-11-22,42.6901
2011-11-23,42.6901
2011-11-24,42.6901
2011-11-25,42.6901
2011-11-26,42.6901
2011-11-27,42.6901
2011-11-28,42.6901
2011-11-29,42.6901
2011-11-30,42.6901
2011-12-01,42.6901
2011-12-02,42.6901
2011-12-03,42.6901
2011-12-04,42.6901
2011-12-05,42.6901
2011-12-06,42.6901
2011-12-07,42.6901
2011-12-08,42.6901
2011-12-09,42.6901
2011-12-10,42.6901
2011-12-11,42.6901
2011-12-12,42.6901
2011-12-13,42.6901
2011-12-14,42.6901
2011-12-15,42.6901
2011-12-16,42.6901
2011-12-17,42.6901
2011-12-18,42.6901
2011-12-19,42.6901
2011-12-20,42.6901
2011-12-21,42.6901
2011-12-22,42.6901
2011-12-23,42.6901
2011-12-24,42.6901
2011-12-25,42.6901
2011-12-26,42.6901
2011-12-27,42.6901
2011-12-28,42.6901
2011-12-29,42.6901
2011-12-30,42.6901
2011-12-31,42.6901
2012-01-01,42.6901
2012-01-02,42.6901
2012-01-03,42.6901
2012-01-04,42.6901
2012-01-05,42.6901
2012-01-06,42.6901
2012-01-07,42.6901
2012-01-08,42.6901
2012-01-09,42.6901
2012-01-10,42.6901
2012-01-11,42.6901
2012-01-12,42.6901
2012-01-13,42.6901
2012-01-14,42.6901
2012-01-15,42.6901
2012-01-16,42.6901
2012-01-17,42.6901
2012-01-18,42.6901
2012-01-19,42.6901
2012-01-20,42.6901
2012-01-21,42.6901
2012-01-22,42.6901
2012-01-23,42.6901
2012-01-24,42.6901
2012-01-25,42.6901
2012-01-26,42.6901
2012-01-27,42.6901
2012-01-28,42.6901
2012-01-29,42.6901
2012-01-30,42.6901
2012-01-31,42.6901
2012-02-01,42.6901
2012-02-02,42.6901
2012-02-03,42.6901
2012-02-04,42.6901
2012-02-05,42.6901
2012-02-06,42.6901
2012-02-07,42.6901
2012-02-08,42.6901
2012-02-09,42.6901
2012-02-10,42.6901
2012-02-11,42.6901
2012-02-12,42.6901
2012-02-13,42.6901
2012-02-14,42.6901
2012-02-15,42.6901
2012-02-16,42.6901
2012-02-17,42.6901
2012-02-18,42.6901
2012-02-19,42.6901
2012-02-20,42.6901
2012-02-21,42.6901
2012-02-22,42.6901
2012-02-23,42.6901
2012-02-24,42.6901
2012-02-25,42.6901
2012-02-26,42.6901
2012-02-27,42.6901
2012-02-28,42.6901
2012-02-29,44.5748
2012-03-01,44.5748
2012-03-02,44.5748
2012-03-03,44.5748
2012-03-04,44.5748
2012-03-05,44.5748
2012-03-06,44.5748
2012-03-07,44.5748
2012-03-08,44.5748
2012-03-09,44.5748
2012-03-10,44.5748
2012-03-11,44.5748
2012-03-12,44.5748
2012-03-13,44.5748
2012-03-14,44.5748
2012-03-15,44.5748
2012-03-16,44.5748
2012-03-17,44.5748
2012-03-18,44.5748
2012-03-19,44.5748
2012-03-20,44.5748
2012-03-21,44.5748
2012-03-22,44.5748
2012-03-23,44.5748
2012-03-24,44.5748
2012-03-25,44.5748
2012-03-26,44.5748
2012-03-27,44.5748
2012-03-28,44.5748
2012-03-29,44.5748
2012-03-30,44.5748
2012-03-31,44.5748
2012-04-01,44.5748
2012-04-02,44.5748
2012-04-03,44.5748
2012-04-04,44.5748
2012-04-05,44.5748
2012-04-06,44.5748
2012-04-07,44.5748
2012-04-08,44.5748
2012-04-09,44.5748
2012-04-10,44.5748
2012-04-11,44.5748
2012-04-12,44.5748
2012-04-13,44.5748
2012-04-14,44.5748
2012-04-15,44.5748
2012-04-16,44.5748
2012-04-17,44.5748
2012-04-18,44.5748
2012-04-19,44.5748
2012-04-20,44.5748
2012-04-21,44.5748
2012-04-22,44.5748
2012-04-23,44.5748
2012-04-24,44.5748
2012-04-25,44.5748
2012-04-26,44.5748
2012-04-27,44.5748
2012-04-28,44.5748
2012-04-29,44.5748
2012-04-30,44.5748
2012-05-01,44.5748
2012-05-02,44.5748
2012-05-03,44.5748
2012-05-04,44.5748
2012-05-05,44.5748
2012-05-06,44.5748
2012-05-07,44.5748
2012-05-08,44.5748
2012-05-09,44.5748
2012-05-10,44.5748
2012-05-11,44.5748
2012-05-12,44.5748
2012-05-13,44.5748
2012-05-14,44.5748
2012-05-15,44.5748
2012-05-16,44.5748
2012-05-17,44.5748
2012-05-18,44.5748
2012-05-19,44.5748
2012-05-20,44.5748
2012-05-21,44.5748
2012-05-22,44.5748
2012-05-23,44.5748
2012-05-24,44.5748
2012-05-25,44.5748
2012-05-26,44.5748
2012-05-27,44.5748
2012-05-28,44.5748
2012-05-29,44.5748
2012-05-30,44.5748
2012-05-31,44.5748
2012-06-01,44.5748
2012-06-02,44.5748
2012-06-03,44.5748
2012-06-04,44.5748
2012-06-05,44.5748
2012-06-06,44.5748
2012-06-07,44.5748
2012-06-08,44.5748
2012-06-09,44.5748
2012-06-10,44.5748
2012-06-11,44.5748
2012-06-12,44.5748
2012-06-13,44.5748
2012-06-14,44.5748
2012-06-15,44.5748
2012-06-16,44.5748
2012-06-17,44.5748
2012-06-18,44.5748
2012-06-19,44.5748
2012-06-20,44.5748
2012-06-21,44.5748
2012-06-22,44.5748
2012-06-23,44.5748
2012-06-24,44.5748
2012-06-25,44.5748
2012-06-26,44.5748
2012-06-27,44.5748
2012-06-28,44.5748
2012-06-29,44.5748
2012-06-30,44.5748
2012-07-01,44.5748
2012-07-02,44.5748
2012-07-03,44.5748
2012-07-04,44.5748
2012-07-05,44.5748
2012-07-06,44.5748
2012-07-07,44.5748
2012-07-08,44.5748
2012-07-09,44.5748
2012-07-10,44.5748
2012-07-11,44.5748
2012-07-12,44.5748
2012-07-13,44.5748
2012-07-14,44.5748
2012-07-15,44.5748
2012-07-16,44.5748
2012-07-17,44.5748
2012-07-18,44.5748
2012-07-19,44.5748
2012-07-20,44.5748
2012-07-21,44.5748
2012-07-22,44.5748
2012-07-23,44.5748
2012-07-24,44.5748
2012-07-25,44.5748
2012-07-26,44.5748
2012-07-27,44.5748
2012-07-28,44.5748
2012-07-29,44.5748
2012-07-30,44.5748
2012-07-31,44.5748
2012-08-01,44.5748
2012-08-02,44.5748
2012-08-03,44.5748
2012-08-04,44.5748
2012-08-05,44.5748
2012-08-06,44.5748
2012-08-07,44.5748
2012-08-08,44.5748
2012-08-09,44.5748
2012-08-10,44.5748
2012-08-11,44.5748
2012-08-12,44.5748
2012-08-13,44.5748
2012-08-14,44.5748
2012-08-15,44.5748
2012-08-16,44.5748
2012-08-17,44.5748
2012-08-18,44.5748
2012-08-19,44.5748
2012-08-20,44.5748
2012-08-21,44.5748
2012-08-22,44.5748
2012-08-23,44.5748
2012-08-24,44.5748
2012-08-25,44.5748
2012-08-26,44.5748
2012-08-27,44.5748
2012-08-28,44.5748
2012-08-29,44.5748
2012-08-30,44.5748
2012-08-31,63.745
2012-09-01,63.745
2012-09-02,63.745
2012-09-03,63.745
2012-09-04,63.745
2012-09-05,63.745
2012-09-06,63.745
2012-09-07,63.745
2012-09-08,63.745
2012-09-09,63.745
2012-09-10,63.745
2012-09-11,63.745
2012-09-12,63.745
2012-09-13,63.745
2012-09-14,63.745
2012-09-15,63.745
2012-09-16,63.745
2012-09-17,63.745
2012-09-18,63.745
2012-09-19,63.745
2012-09-20,63.745
2012-09-21,63.745
2012-09-22,63.745
2012-09-23,63.745
2012-09-24,63.745
2012-09-25,63.745
2012-09-26,63.745
2012-09-27,63.745
2012-09-28,63.745
2012-09-29,63.745
2012-09-30,63.745
2012-10-01,63.745
2012-10-02,63.745
2012-10-03,63.745
2012-10-04,63.745
2012-10-05,63.745
2012-10-06,63.745
2012-10-07,63.745
2012-10-08,63.745
2012-10-09,63.745
2012-10-10,63.745
2012-10-11,63.745
2012-10-12,63.745
2012-10-13,63.745
2012-10-14,63.745
2012-10-15,63.745
2012-10-16,63.745
2012-10-17,63.745
2012-10-18,63.745
2012-10-19,63.745
2012-10-20,63.745
2012-10-21,63.745
2012-10-22,63.745
2012-10-23,63.745
2012-10-24,63.745
2012-10-25,63.745
2012-10-26,63.745
2012-10-27,63.745
2012-10-28,63.745
2012-10-29,63.745
2012-10-30,63.745
2012-10-31,63.745
2012-11-01,63.745
2012-11-02,63.745
2012-11-03,63.745
2012-11-04,63.745
2012-11-05,63.745
2012-11-06,63.745
2012-11-07,63.745
2012-11-08,63.745
2012-11-09,63.745
2012-11-10,63.745
2012-11-11,63.745
2012-11-12,63.745
2012-11-13,63.745
2012-11-14,63.745
2012-11-15,63.745
2012-11-16,63.745
2012-11-17,63.745
2012-11-18,63.745
2012-11-19,63.745
2012-11-20,63.745
2012-11-21,63.745
2012-11-22,63.745
2012-11-23,63.745
2012-11-24,63.745
2012-11-25,63.745
2012-11-26,63.745
2012-11-27,63.745
2012-11-28,63.745
2012-11-29,63.745
2012-11-30,63.745
2012-12-01,63.745
2012-12-02,63.745
2012-12-03,63.745
2012-12-04,63.745
2012-12-05,63.745
2012-12-06,63.745
2012-12-07,63.745
2012-12-08,63.745
2012-12-09,63.745
2012-12-10,63.745
2012-12-11,63.745
2012-12-12,63.745
2012-12-13,63.745
2012-12-14,63.745
2012-12-15,63.745
2012-12-16,63.745
2012-12-17,63.745
2012-12-18,63.745
2012-12-19,63.745
2012-12-20,63.745
2012-12-21,63.745
2012-12-22,63.745
2012-12-23,63.745
2012-12-24,63.745
2012-12-25,63.745
2012-12-26,63.745
2012-12-27,63.745
2012-12-28,63.745
2012-12-29,63.745
2012-12-30,63.745
2012-12-31,63.745
2013-01-01,63.745
2013-01-02,63.745
2013-01-03,63.745
2013-01-04,63.745
2013-01-05,63.745
2013-01-06,63.745
2013-01-07,63.745
2013-01-08,63.745
2013-01-09,63.745
2013-01-10,63.745
2013-01-11,63.745
2013-01-12,63.745
2013-01-13,63.745
2013-01-14,63.745
2013-01-15,63.745
2013-01-16,63.745
2013-01-17,63.745
2013-01-18,63.745
2013-01-19,63.745
2013-01-20,63.745
2013-01-21,63.745
2013-01-22,63.745
2013-01-23,63.745
2013-01-24,63.745
2013-01-25,63.745
2013-01-26,63.745
2013-01-27,63.745
2013-01-28,63.745
2013-01-29,63.745
2013-01-30,63.745
2013-01-31,63.745
2013-02-01,63.745
2013-02-02,63.745
2013-02-03,63.745
2013-02-04,63.745
2013-02-05,63.745
2013-02-06,63.745
2013-02-07,63.745
2013-02-08,63.745
2013-02-09,63.745
2013-02-10,63.745
2013-02-11,63.745
2013-02-12,63.745
2013-02-13,63.745
2013-02-14,63.745
2013-02-15,63.745
2013-02-16,63.745
2013-02-17,63.745
2013-02-18,63.745
2013-02-19,63.745
2013-02-20,63.745
2013-02-21,63.745
2013-02-22,63.745
2013-02-23,63.745
2013-02-24,63.745
2013-02-25,63.745
2013-02-26,63.745
2013-02-27,63.745
2013-02-28,57.7778
2013-03-01,57.7778
2013-03-02,57.7778
2013-03-03,57.7778
2013-03-04,57.7778
2013-03-05,57.7778
2013-03-06,57.7778
2013-03-07,57.7778
2013-03-08,57.7778
2013-03-09,57.7778
2013-03-10,57.7778
2013-03-11,57.7778
2013-03-12,57.7778
2013-03-13,57.7778
2013-03-14,57.7778
2013-03-15,57.7778
2013-03-16,57.7778
2013-03-17,57.7778
2013-03-18,57.7778
2013-03-19,57.7778
2013-03-20,57.7778
2013-03-21,57.7778
2013-03-22,57.7778
2013-03-23,57.7778
2013-03-24,57.7778
2013-03-25,57.7778
2013-03-26,57.7778
2013-03-27,57.7778
2013-03-28,57.7778
2013-03-29,57.7778
2013-03-30,57.7778
2013-03-31,57.7778
2013-04-01,57.7778
2013-04-02,57.7778
2013-04-03,57.7778
2013-04-04,57.7778
2013-04-05,57.7778
2013-04-06,57.7778
2013-04-07,57.7778
2013-04-08,57.7778
2013-04-09,57.7778
2013-04-10,57.7778
2013-04-11,57.7778
2013-04-12,57.7778
2013-04-13,57.7778
2013-04-14,57.7778
2013-04-15,57.7778
2013-04-16,57.7778
2013-04-17,57.7778
2013-04-18,57.7778
2013-04-19,57.7778
2013-04-20,57.7778
2013-04-21,57.7778
2013-04-22,57.7778
2013-04-23,57.7778
2013-04-24,57.7778
2013-04-25,57.7778
2013-04-26,57.7778
2013-04-27,57.7778
2013-04-28,57.7778
2013-04-29,57.7778
2013-04-30,57.7778
2013-05-01,57.7778
2013-05-02,57.7778
2013-05-03,57.7778
2013-05-04,57.7778
2013-05-05,57.7778
2013-05-06,57.7778
2013-05-07,57.7778
2013-05-08,57.7778
2013-05-09,57.7778
2013-05-10,57.7778
2013-05-11,57.7778
2013-05-12,57.7778
2013-05-13,57.7778
2013-05-14,57.7778
2013-05-15,57.7778
2013-05-16,57.7778
2013-05-17,57.7778
2013-05-18,57.7778
2013-05-19,57.7778
2013-05-20,57.7778
2013-05-21,57.7778
2013-05-22,57.7778
2013-05-23,57.7778
2013-05-24,57.7778
2013-05-25,57.7778
2013-05-26,57.7778
2013-05-27,57.7778
2013-05-28,57.7778
2013-05-29,57.7778
2013-05-30,57.7778
2013-05-31,57.7778
2013-06-01,57.7778
2013-06-02,57.7778
2013-06-03,57.7778
2013-06-04,57.7778
2013-06-05,57.7778
2013-06-06,57.7778
2013-06-07,57.7778
2013-06-08,57.7778
2013-06-09,57.7778
2013-06-10,57.7778
2013-06-11,57.7778
2013-06-12,57.7778
2013-06-13,57.7778
2013-06-14,57.7778
2013-06-15,57.7778
2013-06-16,57.7778
2013-06-17,57.7778
2013-06-18,57.7778
2013-06-19,57.7778
2013-06-20,57.7778
2013-06-21,57.7778
2013-06-22,57.7778
2013-06-23,57.7778
2013-06-24,57.7778
2013-06-25,57.7778
2013-06-26,57.7778
2013-06-27,57.7778
2013-06-28,57.7778
2013-06-29,57.7778
2013-06-30,57.7778
2013-07-01,57.7778
2013-07-02,57.7778
2013-07-03,57.7778
2013-07-04,57.7778
2013-07-05,57.7778
2013-07-06,57.7778
2013-07-07,57.7778
2013-07-08,57.7778
2013-07-09,57.7778
2013-07-10,57.7778
2013-07-11,57.7778
2013-07-12,57.7778
2013-07-13,57.7778
2013-07-14,57.7778
2013-07-15,57.7778
2013-07-16,57.7778
2013-07-17,57.7778
2013-07-18,57.7778
2013-07-19,57.7778
2013-07-20,57.7778
2013-07-21,57.7778
2013-07-22,57.7778
2013-07-23,57.7778
2013-07-24,57.7778
2013-07-25,57.7778
2013-07-26,57.7778
2013-07-27,57.7778
2013-07-28,57.7778
2013-07-29,57.7778
2013-07-30,57.7778
2013-07-31,57.7778
2013-08-01,57.7778
2013-08-02,57.7778
2013-08-03,57.7778
2013-08-04,57.7778
2013-08-05,57.7778
2013-08-06,57.7778
2013-08-07,57.7778
2013-08-08,57.7778
2013-08-09,57.7778
2013-08-10,57.7778
2013-08-11,57.7778
2013-08-12,57.7778
2013-08-13,57.7778
2013-08-14,57.7778
2013-08-15,57.7778
2013-08-16,57.7778
2013-08-17,57.7778
2013-08-18,57.7778
2013-08-19,57.7778
2013-08-20,57.7778
2013-08-21,57.7778
2013-08-22,57.7778
2013-08-23,57.7778
2013-08-24,57.7778
2013-08-25,57.7778
2013-08-26,57.7778
2013-08-27,57.7778
2013-08-28,57.7778
2013-08-29,57.7778
2013-08-30,57.7778
2013-08-31,82.2335
2013-09-01,82.2335
2013-09-02,82.2335
2013-09-03,82.2335
2013-09-04,82.2335
2013-09-05,82.2335
2013-09-06,82.2335
2013-09-07,82.2335
2013-09-08,82.2335
2013-09-09,82.2335
2013-09-10,82.2335
2013-09-11,82.2335
2013-09-12,82.2335
2013-09-13,82.2335
2013-09-14,82.2335
2013-09-15,82.2335
2013-09-16,82.2335
2013-09-17,82.2335
2013-09-18,82.2335
2013-09-19,82.2335
2013-09-20,82.2335
2013-09-21,82.2335
2013-09-22,82.2335
2013-09-23,82.2335
2013-09-24,82.2335
2013-09-25,82.2335
2013-09-26,82.2335
2013-09-27,82.2335
2013-09-28,82.2335
2013-09-29,82.2335
2013-09-30,82.2335
2013-10-01,82.2335
2013-10-02,82.2335
2013-10-03,82.2335
2013-10-04,82.2335
2013-10-05,82.2335
2013-10-06,82.2335
2013-10-07,82.2335
2013-10-08,82.2335
2013-10-09,82.2335
2013-10-10,82.2335
2013-10-11,82.2335
2013-10-12,82.2335
2013-10-13,82.2335
2013-10-14,82.2335
2013-10-15,82.2335
2013-10-16,82.2335
2013-10-17,82.2335
2013-10-18,82.2335
2013-10-19,82.2335
2013-10-20,82.2335
2013-10-21,82.2335
2013-10-22,82.2335
2013-10-23,82.2335
2013-10-24,82.2335
2013-10-25,82.2335
2013-10-26,82.2335
2013-10-27,82.2335
2013-10-28,82.2335
2013-10-29,82.2335
2013-10-30,82.2335
2013-10-31,82.2335
2013-11-01,82.2335
2013-11-02,82.2335
2013-11-03,82.2335
2013-11-04,82.2335
2013-11-05,82.2335
2013-11-06,82.2335
2013-11-07,82.2335
2013-11-08,82.2335
2013-11-09,82.2335
2013-11-10,82.2335
2013-11-11,82.2335
2013-11-12,82.2335
2013-11-13,82.2335
2013-11-14,82.2335
2013-11-15,82.2335
2013-11-16,82.2335
2013-11-17,82.2335
2013-11-18,82.2335
2013-11-19,82.2335
2013-11-20,82.2335
2013-11-21,82.2335
2013-11-22,82.2335
2013-11-23,82.2335
2013-11-24,82.2335
2013-11-25,82.2335
2013-11-26,82.2335
2013-11-27,82.2335
2013-11-28,82.2335
2013-11-29,82.2335
2013-11-30,82.2335
2013-12-01,82.2335
2013-12-02,82.2335
2013-12-03,82.2335
2013-12-04,82.2335
2013-12-05,82.2335
2013-12-06,82.2335
2013-12-07,82.2335
2013-12-08,82.2335
2013-12-09,82.2335
2013-12-10,82.2335
2013-12-11,82.2335
2013-12-12,82.2335
2013-12-13,82.2335
2013-12-14,82.2335
2013-12-15,82.2335
2013-12-16,82.2335
2013-12-17,82.2335
2013-12-18,82.2335
2013-12-19,82.2335
2013-12-20,82.2335
2013-12-21,82.2335
2013-12-22,82.2335
2013-12-23,82.2335
2013-12-24,82.2335
2013-12-25,82.2335
2013-12-26,82.2335
2013-12-27,82.2335
2013-12-28,82.2335
2013-12-29,82.2335
2013-12-30,82.2335
2013-12-31,82.2335
2014-01-01,82.2335
2014-01-02,82.2335
2014-01-03,82.2335
2014-01-04,82.2335
2014-01-05,82.2335
2014-01-06,82.2335
2014-01-07,82.2335
2014-01-08,82.2335
2014-01-09,82.2335
2014-01-10,82.2335
2014-01-11,82.2335
2014-01-12,82.2335
2014-01-13,82.2335
2014-01-14,82.2335
2014-01-15,82.2335
2014-01-16,82.2335
2014-01-17,82.2335
2014-01-18,82.2335
2014-01-19,82.2335
2014-01-20,82.2335
2014-01-21,82.2335
2014-01-22,82.2335
2014-01-23,82.2335
2014-01-24,82.2335
2014-01-25,82.2335
2014-01-26,82.2335
2014-01-27,82.2335
2014-01-28,82.2335
2014-01-29,82.2335
2014-01-30,82.2335
2014-01-31,82.2335
2014-02-01,82.2335
2014-02-02,82.2335
2014-02-03,82.2335
2014-02-04,82.2335
2014-02-05,82.2335
2014-02-06,82.2335
2014-02-07,82.2335
2014-02-08,82.2335
2014-02-09,82.2335
2014-02-10,82.2335
2014-02-11,82.2335
2014-02-12,82.2335
2014-02-13,82.2335
2014-02-14,82.2335
2014-02-15,82.2335
2014-02-16,82.2335
2014-02-17,82.2335
2014-02-18,82.2335
2014-02-19,82.2335
2014-02-20,82.2335
2014-02-21,82.2335
2014-02-22,82.2335
2014-02-23,82.2335
2014-02-24,82.2335
2014-02-25,82.2335
2014-02-26,82.2335
2014-02-27,82.2335
2014-02-28,82.1256
2014-03-01,82.1256
2014-03-02,82.1256
2014-03-03,82.1256
2014-03-04,82.1256
2014-03-05,82.1256
2014-03-06,82.1256
2014-03-07,82.1256
2014-03-08,82.1256
2014-03-09,82.1256
2014-03-10,82.1256
2014-03-11,82.1256
2014-03-12,82.1256
2014-03-13,82.1256
2014-03-14,82.1256
2014-03-15,82.1256
2014-03-16,82.1256
2014-03-17,82.1256
2014-03-18,82.1256
2014-03-19,82.1256
2014-03-20,82.1256
2014-03-21,82.1256
2014-03-22,82.1256
2014-03-23,82.1256
2014-03-24,82.1256
2014-03-25,82.1256
2014-03-26,82.1256
2014-03-27,82.1256
2014-03-28,82.1256
2014-03-29,82.1256
2014-03-30,82.1256
2014-03-31,82.1256
2014-04-01,82.1256
2014-04-02,82.1256
2014-04-03,82.1256
2014-04-04,82.1256
2014-04-05,82.1256
2014-04-06,82.1256
2014-04-07,82.1256
2014-04-08,82.1256
2014-04-09,82.1256
2014-04-10,82.1256
2014-04-11,82.1256
2014-04-12,82.1256
2014-04-13,82.1256
2014-04-14,82.1256
2014-04-15,82.1256
2014-04-16,82.1256
2014-04-17,82.1256
2014-04-18,82.1256
2014-04-19,82.1256
2014-04-20,82.1256
2014-04-21,82.1256
2014-04-22,82.1256
2014-04-23,82.1256
2014-04-24,82.1256
2014-04-25,82.1256
2014-04-26,82.1256
2014-04-27,82.1256
2014-04-28,82.1256
2014-04-29,82.1256
2014-04-30,82.1256
2014-05-01,82.1256
2014-05-02,82.1256
2014-05-03,82.1256
2014-05-04,82.1256
2014-05-05,82.1256
2014-05-06,82.1256
2014-05-07,82.1256
2014-05-08,82.1256
2014-05-09,82.1256
2014-05-10,82.1256
2014-05-11,82.1256
2014-05-12,82.1256
2014-05-13,82.1256
2014-05-14,82.1256
2014-05-15,82.1256
2014-05-16,82.1256
2014-05-17,82.1256
2014-05-18,82.1256
2014-05-19,82.1256
2014-05-20,82.1256
2014-05-21,82.1256
2014-05-22,82.1256
2014-05-23,82.1256
2014-05-24,82.1256
2014-05-25,82.1256
2014-05-26,82.1256
2014-05-27,82.1256
2014-05-28,82.1256
2014-05-29,82.1256
2014-05-30,82.1256
2014-05-31,82.1256
2014-06-01,82.1256
2014-06-02,82.1256
2014-06-03,82.1256
2014-06-04,82.1256
2014-06-05,82.1256
2014-06-06,82.1256
2014-06-07,82.1256
2014-06-08,82.1256
2014-06-09,82.1256
2014-06-10,82.1256
2014-06-11,82.1256
2014-06-12,82.1256
2014-06-13,82.1256
2014-06-14,82.1256
2014-06-15,82.1256
2014-06-16,82.1256
2014-06-17,82.1256
2014-06-18,82.1256
2014-06-19,82.1256
2014-06-20,82.1256
2014-06-21,82.1256
2014-06-22,82.1256
2014-06-23,82.1256
2014-06-24,82.1256
2014-06-25,82.1256
2014-06-26,82.1256
2014-06-27,82.1256
2014-06-28,82.1256
2014-06-29,82.1256
2014-06-30,82.1256
2014-07-01,82.1256
2014-07-02,82.1256
2014-07-03,82.1256
2014-07-04,82.1256
2014-07-05,82.1256
2014-07-06,82.1256
2014-07-07,82.1256
2014-07-08,82.1256
2014-07-09,82.1256
2014-07-10,82.1256
2014-07-11,82.1256
2014-07-12,82.1256
2014-07-13,82.1256
2014-07-14,82.1256
2014-07-15,82.1256
2014-07-16,82.1256
2014-07-17,82.1256
2014-07-18,82.1256
2014-07-19,82.1256
2014-07-20,82.1256
2014-07-21,82.1256
2014-07-22,82.1256
2014-07-23,82.1256
2014-07-24,82.1256
2014-07-25,82.1256
2014-07-26,82.1256
2014-07-27,82.1256
2014-07-28,82.1256
2014-07-29,82.1256
2014-07-30,82.1256
2014-07-31,82.1256
2014-08-01,82.1256
2014-08-02,82.1256
2014-08-03,82.1256
2014-08-04,82.1256
2014-08-05,82.1256
2014-08-06,82.1256
2014-08-07,82.1256
2014-08-08,82.1256
2014-08-09,82.1256
2014-08-10,82.1256
2014-08-11,82.1256
2014-08-12,82.1256
2014-08-13,82.1256
2014-08-14,82.1256
2014-08-15,82.1256
2014-08-16,82.1256
2014-08-17,82.1256
2014-08-18,82.1256
2014-08-19,82.1256
2014-08-20,82.1256
2014-08-21,82.1256
2014-08-22,82.1256
2014-08-23,82.1256
2014-08-24,82.1256
2014-08-25,82.1256
2014-08-26,82.1256
2014-08-27,82.1256
2014-08-28,82.1256
2014-08-29,82.1256
2014-08-30,82.1256
2014-08-31,90.6404
2014-09-01,90.6404
2014-09-02,90.6404
2014-09-03,90.6404
2014-09-04,90.6404
2014-09-05,90.6404
2014-09-06,90.6404
2014-09-07,90.6404
2014-09-08,90.6404
2014-09-09,90.6404
2014-09-10,90.6404
2014-09-11,90.6404
2014-09-12,90.6404
2014-09-13,90.6404
2014-09-14,90.6404
2014-09-15,90.6404
2014-09-16,90.6404
2014-09-17,90.6404
2014-09-18,90.6404
2014-09-19,90.6404
2014-09-20,90.6404
2014-09-21,90.6404
2014-09-22,90.6404
2014-09-23,90.6404
2014-09-24,90.6404
2014-09-25,90.6404
2014-09-26,90.6404
2014-09-27,90.6404
2014-09-28,90.6404
2014-09-29,90.6404
2014-09-30,90.6404
2014-10-01,90.6404
2014-10-02,90.6404
2014-10-03,90.6404
2014-10-04,90.6404
2014-10-05,90.6404
2014-10-06,90.6404
2014-10-07,90.6404
2014-10-08,90.6404
2014-10-09,90.6404
2014-10-10,90.6404
2014-10-11,90.6404
2014-10-12,90.6404
2014-10-13,90.6404
2014-10-14,90.6404
2014-10-15,90.6404
2014-10-16,90.6404
2014-10-17,90.6404
2014-10-18,90.6404
2014-10-19,90.6404
2014-10-20,90.6404
2014-10-21,90.6404
2014-10-22,90.6404
2014-10-23,90.6404
2014-10-24,90.6404
2014-10-25,90.6404
2014-10-26,90.6404
2014-10-27,90.6404
2014-10-28,90.6404
2014-10-29,90.6404
2014-10-30,90.6404
2014-10-31,90.6404
2014-11-01,90.6404
2014-11-02,90.6404
2014-11-03,90.6404
2014-11-04,90.6404
2014-11-05,90.6404
2014-11-06,90.6404
2014-11-07,90.6404
2014-11-08,90.6404
2014-11-09,90.6404
2014-11-10,90.6404
2014-11-11,90.6404
2014-11-12,90.6404
2014-11-13,90.6404
2014-11-14,90.6404
2014-11-15,90.6404
2014-11-16,90.6404
2014-11-17,90.6404
2014-11-18,90.6404
2014-11-19,90.6404
2014-11-20,90.6404
2014-11-21,90.6404
2014-11-22,90.6404
2014-11-23,90.6404
2014-11-24,90.6404
2014-11-25,90.6404
2014-11-26,90.6404
2014-11-27,90.6404
2014-11-28,90.6404
2014-11-29,90.6404
2014-11-30,90.6404
2014-12-01,90.6404
2014-12-02,90.6404
2014-12-03,90.6404
2014-12-04,90.6404
2014-12-05,90.6404
2014-12-06,90.6404
2014-12-07,90.6404
2014-12-08,90.6404
2014-12-09,90.6404
2014-12-10,90.6404
2014-12-11,90.6404
2014-12-12,90.6404
2014-12-13,90.6404
2014-12-14,90.6404
2014-12-15,90.6404
2014-12-16,90.6404
2014-12-17,90.6404
2014-12-18,90.6404
2014-12-19,90.6404
2014-12-20,90.6404
2014-12-21,90.6404
2014-12-22,90.6404
2014-12-23,90.6404
2014-12-24,90.6404
2014-12-25,90.6404
2014-12-26,90.6404
2014-12-27,90.6404
2014-12-28,90.6404
2014-12-29,90.6404
2014-12-30,90.6404
2014-12-31,90.6404
2015-01-01,90.6404
2015-01-02,90.6404
2015-01-03,90.6404
2015-01-04,90.6404
2015-01-05,90.6404
2015-01-06,90.6404
2015-01-07,90.6404
2015-01-08,90.6404
2015-01-09,90.6404
2015-01-10,90.6404
2015-01-11,90.6404
2015-01-12,90.6404
2015-01-13,90.6404
2015-01-14,90.6404
2015-01-15,90.6404
2015-01-16,90.6404
2015-01-17,90.6404
2015-01-18,90.6404
2015-01-19,90.6404
2015-01-20,90.6404
2015-01-21,90.6404
2015-01-22,90.6404
2015-01-23,90.6404
2015-01-24,90.6404
2015-01-25,90.6404
2015-01-26,90.6404
2015-01-27,90.6404
2015-01-28,90.6404
2015-01-29,90.6404
2015-01-30,90.6404
2015-01-31,90.6404
2015-02-01,90.6404
2015-02-02,90.6404
2015-02-03,90.6404
2015-02-04,90.6404
2015-02-05,90.6404
2015-02-06,90.6404
2015-02-07,90.6404
2015-02-08,90.6404
2015-02-09,90.6404
2015-02-10,90.6404
2015-02-11,90.6404
2015-02-12,90.6404
2015-02-13,90.6404
2015-02-14,90.6404
2015-02-15,90.6404
2015-02-16,90.6404
2015-02-17,90.6404
2015-02-18,90.6404
2015-02-19,90.6404
2015-02-20,90.6404
2015-02-21,90.6404
2015-02-22,90.6404
2015-02-23,90.6404
2015-02-24,90.6404
2015-02-25,90.6404
2015-02-26,90.6404
2015-02-27,90.6404
2015-02-28,81.0127
2015-03-01,81.0127
2015-03-02,81.0127
2015-03-03,81.0127
2015-03-04,81.0127
2015-03-05,81.0127
2015-03-06,81.0127
2015-03-07,81.0127
2015-03-08,81.0127
2015-03-09,81.0127
2015-03-10,81.0127
2015-03-11,81.0127
2015-03-12,81.0127
2015-03-13,81.0127
2015-03-14,81.0127
2015-03-15,81.0127
2015-03-16,81.0127
2015-03-17,81.0127
2015-03-18,81.0127
2015-03-19,81.0127
2015-03-20,81.0127
2015-03-21,81.0127
2015-03-22,81.0127
2015-03-23,81.0127
2015-03-24,81.0127
2015-03-25,81.0127
2015-03-26,81.0127
2015-03-27,81.0127
2015-03-28,81.0127
2015-03-29,81.0127
2015-03-30,81.0127
2015-03-31,81.0127
2015-04-01,81.0127
2015-04-02,81.0127
2015-04-03,81.0127
2015-04-04,81.0127
2015-04-05,81.0127
2015-04-06,81.0127
2015-04-07,81.0127
2015-04-08,81.0127
2015-04-09,81.0127
2015-04-10,81.0127
2015-04-11,81.0127
2015-04-12,81.0127
2015-04-13,81.0127
2015-04-14,81.0127
2015-04-15,81.0127
2015-04-16,81.0127
2015-04-17,81.0127
2015-04-18,81.0127
2015-04-19,81.0127
2015-04-20,81.0127
2015-04-21,81.0127
2015-04-22,81.0127
2015-04-23,81.0127
2015-04-24,81.0127
2015-04-25,81.0127
2015-04-26,81.0127
2015-04-27,81.0127
2015-04-28,81.0127
2015-04-29,81.0127
2015-04-30,81.0127
2015-05-01,81.0127
2015-05-02,81.0127
2015-05-03,81.0127
2015-05-04,81.0127
2015-05-05,81.0127
2015-05-06,81.0127
2015-05-07,81.0127
2015-05-08,81.0127
2015-05-09,81.0127
2015-05-10,81.0127
2015-05-11,81.0127
2015-05-12,81.0127
2015-05-13,81.0127
2015-05-14,81.0127
2015-05-15,81.0127
2015-05-16,81.0127
2015-05-17,81.0127
2015-05-18,81.0127
2015-05-19,81.0127
2015-05-20,81.0127
2015-05-21,81.0127
2015-05-22,81.0127
2015-05-23,81.0127
2015-05-24,81.0127
2015-05-25,81.0127
2015-05-26,81.0127
2015-05-27,81.0127
2015-05-28,81.0127
2015-05-29,81.0127
2015-05-30,81.0127
2015-05-31,81.0127
2015-06-01,81.0127
2015-06-02,81.0127
2015-06-03,81.0127
2015-06-04,81.0127
2015-06-05,81.0127
2015-06-06,81.0127
2015-06-07,81.0127
2015-06-08,81.0127
2015-06-09,81.0127
2015-06-10,81.0127
2015-06-11,81.0127
2015-06-12,81.0127
2015-06-13,81.0127
2015-06-14,81.0127
2015-06-15,81.0127
2015-06-16,81.0127
2015-06-17,81.0127
2015-06-18,81.0127
2015-06-19,81.0127
2015-06-20,81.0127
2015-06-21,81.0127
2015-06-22,81.0127
2015-06-23,81.0127
2015-06-24,81.0127
2015-06-25,81.0127
2015-06-26,81.0127
2015-06-27,81.0127
2015-06-28,81.0127
2015-06-29,81.0127
2015-06-30,81.0127
2015-07-01,81.0127
2015-07-02,81.0127
2015-07-03,81.0127
2015-07-04,81.0127
2015-07-05,81.0127
2015-07-06,81.0127
2015-07-07,81.0127
2015-07-08,81.0127
2015-07-09,81.0127
2015-07-10,81.0127
2015-07-11,81.0127
2015-07-12,81.0127
2015-07-13,81.0127
2015-07-14,81.0127
2015-07-15,81.0127
2015-07-16,81.0127
2015-07-17,81.0127
2015-07-18,81.0127
2015-07-19,81.0127
2015-07-20,81.0127
2015-07-21,81.0127
2015-07-22,81.0127
2015-07-23,81.0127
2015-07-24,81.0127
2015-07-25,81.0127
2015-07-26,81.0127
2015-07-27,81.0127
2015-07-28,81.0127
2015-07-29,81.0127
2015-07-30,81.0127
2015-07-31,81.0127
2015-08-01,81.0127
2015-08-02,81.0127
2015-08-03,81.0127
2015-08-04,81.0127
2015-08-05,81.0127
2015-08-06,81.0127
2015-08-07,81.0127
2015-08-08,81.0127
2015-08-09,81.0127
2015-08-10,81.0127
2015-08-11,81.0127
2015-08-12,81.0127
2015-08-13,81.0127
2015-08-14,81.0127
2015-08-15,81.0127
2015-08-16,81.0127
2015-08-17,81.0127
2015-08-18,81.0127
2015-08-19,81.0127
2015-08-20,81.0127
2015-08-21,81.0127
2015-08-22,81.0127
2015-08-23,81.0127
2015-08-24,81.0127
2015-08-25,81.0127
2015-08-26,81.0127
2015-08-27,81.0127
2015-08-28,81.0127
2015-08-29,81.0127
2015-08-30,81.0127
2015-08-31,81.4516
2015-09-01,81.4516
2015-09-02,81.4516
2015-09-03,81.4516
2015-09-04,81.4516
2015-09-05,81.4516
2015-09-06,81.4516
2015-09-07,81.4516
2015-09-08,81.4516
2015-09-09,81.4516
2015-09-10,81.4516
2015-09-11,81.4516
2015-09-12,81.4516
2015-09-13,81.4516
2015-09-14,81.4516
2015-09-15,81.4516
2015-09-16,81.4516
2015-09-17,81.4516
2015-09-18,81.4516
2015-09-19,81.4516
2015-09-20,81.4516
2015-09-21,81.4516
2015-09-22,81.4516
2015-09-23,81.4516
2015-09-24,81.4516
2015-09-25,81.4516
2015-09-26,81.4516
2015-09-27,81.4516
2015-09-28,81.4516
2015-09-29,81.4516
2015-09-30,81.4516
2015-10-01,81.4516
2015-10-02,81.4516
2015-10-03,81.4516
2015-10-04,81.4516
2015-10-05,81.4516
2015-10-06,81.4516
2015-10-07,81.4516
2015-10-08,81.4516
2015-10-09,81.4516
2015-10-10,81.4516
2015-10-11,81.4516
2015-10-12,81.4516
2015-10-13,81.4516
2015-10-14,81.4516
2015-10-15,81.4516
2015-10-16,81.4516
2015-10-17,81.4516
2015-10-18,81.4516
2015-10-19,81.4516
2015-10-20,81.4516
2015-10-21,81.4516
2015-10-22,81.4516
2015-10-23,81.4516
2015-10-24,81.4516
2015-10-25,81.4516
2015-10-26,81.4516
2015-10-27,81.4516
2015-10-28,81.4516
2015-10-29,81.4516
2015-10-30,81.4516
2015-10-31,81.4516
2015-11-01,81.4516
2015-11-02,81.4516
2015-11-03,81.4516
2015-11-04,81.4516
2015-11-05,81.4516
2015-11-06,81.4516
2015-11-07,81.4516
2015-11-08,81.4516
2015-11-09,81.4516
2015-11-10,81.4516
2015-11-11,81.4516
2015-11-12,81.4516
2015-11-13,81.4516
2015-11-14,81.4516
2015-11-15,81.4516
2015-11-16,81.4516
2015-11-17,81.4516
2015-11-18,81.4516
2015-11-19,81.4516
2015-11-20,81.4516
2015-11-21,81.4516
2015-11-22,81.4516
2015-11-23,81.4516
2015-11-24,81.4516
2015-11-25,81.4516
2015-11-26,81.4516
2015-11-27,81.4516
2015-11-28,81.4516
2015-11-29,81.4516
2015-11-30,81.4516
2015-12-01,81.4516
2015-12-02,81.4516
2015-12-03,81.4516
2015-12-04,81.4516
2015-12-05,81.4516
2015-12-06,81.4516
2015-12-07,81.4516
2015-12-08,81.4516
2015-12-09,81.4516
2015-12-10,81.4516
2015-12-11,81.4516
2015-12-12,81.4516
2015-12-13,81.4516
2015-12-14,81.4516
2015-12-15,81.4516
2015-12-16,81.4516
2015-12-17,81.4516
2015-12-18,81.4516
2015-12-19,81.4516
2015-12-20,81.4516
2015-12-21,81.4516
2015-12-22,81.4516
2015-12-23,81.4516
2015-12-24,81.4516
2015-12-25,81.4516
2015-12-26,81.4516
2015-12-27,81.4516
2015-12-28,81.4516
2015-12-29,81.4516
2015-12-30,81.4516
2015-12-31,81.4516
2016-01-01,81.4516
2016-01-02,81.4516
2016-01-03,81.4516
2016-01-04,81.4516
2016-01-05,81.4516
2016-01-06,81.4516
2016-01-07,81.4516
2016-01-08,81.4516
2016-01-09,81.4516
2016-01-10,81.4516
2016-01-11,81.4516
2016-01-12,81.4516
2016-01-13,81.4516
2016-01-14,81.4516
2016-01-15,81.4516
2016-01-16,81.4516
2016-01-17,81.4516
2016-01-18,81.4516
2016-01-19,81.4516
2016-01-20,81.4516
2016-01-21,81.4516
2016-01-22,81.4516
2016-01-23,81.4516
2016-01-24,81.4516
2016-01-25,81.4516
2016-01-26,81.4516
2016-01-27,81.4516
2016-01-28,81.4516
2016-01-29,81.4516
2016-01-30,81.4516
2016-01-31,81.4516
2016-02-01,81.4516
2016-02-02,81.4516
2016-02-03,81.4516
2016-02-04,81.4516
2016-02-05,81.4516
2016-02-06,81.4516
2016-02-07,81.4516
2016-02-08,81.4516
2016-02-09,81.4516
2016-02-10,81.4516
2016-02-11,81.4516
2016-02-12,81.4516
2016-02-13,81.4516
2016-02-14,81.4516
2016-02-15,81.4516
2016-02-16,81.4516
2016-02-17,81.4516
2016-02-18,81.4516
2016-02-19,81.4516
2016-02-20,81.4516
2016-02-21,81.4516
2016-02-22,81.4516
2016-02-23,81.4516
2016-02-24,81.4516
2016-02-25,81.4516
2016-02-26,81.4516
2016-02-27,81.4516
2016-02-28,81.4516
2016-02-29,71.5719
2016-03-01,71.5719
2016-03-02,71.5719
2016-03-03,71.5719
2016-03-04,71.5719
2016-03-05,71.5719
2016-03-06,71.5719
2016-03-07,71.5719
2016-03-08,71.5719
2016-03-09,71.5719
2016-03-10,71.5719
2016-03-11,71.5719
2016-03-12,71.5719
2016-03-13,71.5719
2016-03-14,71.5719
2016-03-15,71.5719
2016-03-16,71.5719
2016-03-17,71.5719
2016-03-18,71.5719
2016-03-19,71.5719
2016-03-20,71.5719
2016-03-21,71.5719
2016-03-22,71.5719
2016-03-23,71.5719
2016-03-24,71.5719
2016-03-25,71.5719
2016-03-26,71.5719
2016-03-27,71.5719
2016-03-28,71.5719
2016-03-29,71.5719
2016-03-30,71.5719
2016-03-31,71.5719
2016-04-01,71.5719
2016-04-02,71.5719
2016-04-03,71.5719
2016-04-04,71.5719
2016-04-05,71.5719
2016-04-06,71.5719
2016-04-07,71.5719
2016-04-08,71.5719
2016-04-09,71.5719
2016-04-10,71.5719
2016-04-11,71.5719
2016-04-12,71.5719
2016-04-13,71.5719
2016-04-14,71.5719
2016-04-15,71.5719
2016-04-16,71.5719
2016-04-17,71.5719
2016-04-18,71.5719
2016-04-19,71.5719
2016-04-20,71.5719
2016-04-21,71.5719
2016-04-22,71.5719
2016-04-23,71.5719
2016-04-24,71.5719
2016-04-25,71.5719
2016-04-26,71.5719
2016-04-27,71.5719
2016-04-28,71.5719
2016-04-29,71.5719
2016-04-30,71.5719
2016-05-01,71.5719
2016-05-02,71.5719
2016-05-03,71.5719
2016-05-04,71.5719
2016-05-05,71.5719
2016-05-06,71.5719
2016-05-07,71.5719
2016-05-08,71.5719
2016-05-09,71.5719
2016-05-10,71.5719
2016-05-11,71.5719
2016-05-12,71.5719
2016-05-13,71.5719
2016-05-14,71.5719
2016-05-15,71.5719
2016-05-16,71.5719
2016-05-17,71.5719
2016-05-18,71.5719
2016-05-19,71.5719
2016-05-20,71.5719
2016-05-21,71.5719
2016-05-22,71.5719
2016-05-23,71.5719
2016-05-24,71.5719
2016-05-25,71.5719
2016-05-26,71.5719
2016-05-27,71.5719
2016-05-28,71.5719
2016-05-29,71.5719
2016-05-30,71.5719
2016-05-31,71.5719
2016-06-01,71.5719
2016-06-02,71.5719
2016-06-03,71.5719
2016-06-04,71.5719
2016-06-05,71.5719
2016-06-06,71.5719
2016-06-07,71.5719
2016-06-08,71.5719
2016-06-09,71.5719
2016-06-10,71.5719
2016-06-11,71.5719
2016-06-12,71.5719
2016-06-13,71.5719
2016-06-14,71.5719
2016-06-15,71.5719
2016-06-16,71.5719
2016-06-17,71.5719
2016-06-18,71.5719
2016-06-19,71.5719
2016-06-20,71.5719
2016-06-21,71.5719
2016-06-22,71.5719
2016-06-23,71.5719
2016-06-24,71.5719
2016-06-25,71.5719
2016-06-26,71.5719
2016-06-27,71.5719
2016-06-28,71.5719
2016-06-29,71.5719
2016-06-30,71.5719
2016-07-01,71.5719
2016-07-02,71.5719
2016-07-03,71.5719
2016-07-04,71.5719
2016-07-05,71.5719
2016-07-06,71.5719
2016-07-07,71.5719
2016-07-08,71.5719
2016-07-09,71.5719
2016-07-10,71.5719
2016-07-11,71.5719
2016-07-12,71.5719
2016-07-13,71.5719
2016-07-14,71.5719
2016-07-15,71.5719
2016-07-16,71.5719
2016-07-17,71.5719
2016-07-18,71.5719
2016-07-19,71.5719
2016-07-20,71.5719
2016-07-21,71.5719
2016-07-22,71.5719
2016-07-23,71.5719
2016-07-24,71.5719
2016-07-25,71.5719
2016-07-26,71.5719
2016-07-27,71.5719
2016-07-28,71.5719
2016-07-29,71.5719
2016-07-30,71.5719
2016-07-31,71.5719
2016-08-01,71.5719
2016-08-02,71.5719
2016-08-03,71.5719
2016-08-04,71.5719
2016-08-05,71.5719
2016-08-06,71.5719
2016-08-07,71.5719
2016-08-08,71.5719
2016-08-09,71.5719
2016-08-10,71.5719
2016-08-11,71.5719
2016-08-12,71.5719
2016-08-13,71.5719
2016-08-14,71.5719
2016-08-15,71.5719
2016-08-16,71.5719
2016-08-17,71.5719
2016-08-18,71.5719
2016-08-19,71.5719
2016-08-20,71.5719
2016-08-21,71.5719
2016-08-22,71.5719
2016-08-23,71.5719
2016-08-24,71.5719
2016-08-25,71.5719
2016-08-26,71.5719
2016-08-27,71.5719
2016-08-28,71.5719
2016-08-29,71.5719
2016-08-30,71.5719
2016-08-31,68.5714
2016-09-01,68.5714
2016-09-02,68.5714
2016-09-03,68.5714
2016-09-04,68.5714
2016-09-05,68.5714
2016-09-06,68.5714
2016-09-07,68.5714
2016-09-08,68.5714
2016-09-09,68.5714
2016-09-10,68.5714
2016-09-11,68.5714
2016-09-12,68.5714
2016-09-13,68.5714
2016-09-14,68.5714
2016-09-15,68.5714
2016-09-16,68.5714
2016-09-17,68.5714
2016-09-18,68.5714
2016-09-19,68.5714
2016-09-20,68.5714
2016-09-21,68.5714
2016-09-22,68.5714
2016-09-23,68.5714
2016-09-24,68.5714
2016-09-25,68.5714
2016-09-26,68.5714
2016-09-27,68.5714
2016-09-28,68.5714
2016-09-29,68.5714
2016-09-30,68.5714
2016-10-01,68.5714
2016-10-02,68.5714
2016-10-03,68.5714
2016-10-04,68.5714
2016-10-05,68.5714
2016-10-06,68.5714
2016-10-07,68.5714
2016-10-08,68.5714
2016-10-09,68.5714
2016-10-10,68.5714
2016-10-11,68.5714
2016-10-12,68.5714
2016-10-13,68.5714
2016-10-14,68.5714
2016-10-15,68.5714
2016-10-16,68.5714
2016-10-17,68.5714
2016-10-18,68.5714
2016-10-19,68.5714
2016-10-20,68.5714
2016-10-21,68.5714
2016-10-22,68.5714
2016-10-23,68.5714
2016-10-24,68.5714
2016-10-25,68.5714
2016-10-26,68.5714
2016-10-27,68.5714
2016-10-28,68.5714
2016-10-29,68.5714
2016-10-30,68.5714
2016-10-31,68.5714
2016-11-01,68.5714
2016-11-02,68.5714
2016-11-03,68.5714
2016-11-04,68.5714
2016-11-05,68.5714
2016-11-06,68.5714
2016-11-07,68.5714
2016-11-08,68.5714
2016-11-09,68.5714
2016-11-10,68.5714
2016-11-11,68.5714
2016-11-12,68.5714
2016-11-13,68.5714
2016-11-14,68.5714
2016-11-15,68.5714
2016-11-16,68.5714
2016-11-17,68.5714
2016-11-18,68.5714
2016-11-19,68.5714
2016-11-20,68.5714
2016-11-21,68.5714
2016-11-22,68.5714
2016-11-23,68.5714
2016-11-24,68.5714
2016-11-25,68.5714
2016-11-26,68.5714
2016-11-27,68.5714
2016-11-28,68.5714
2016-11-29,68.5714
2016-11-30,68.5714
2016-12-01,68.5714
2016-12-02,68.5714
2016-12-03,68.5714
2016-12-04,68.5714
2016-12-05,68.5714
2016-12-06,68.5714
2016-12-07,68.5714
2016-12-08,68.5714
2016-12-09,68.5714
2016-12-10,68.5714
2016-12-11,68.5714
2016-12-12,68.5714
2016-12-13,68.5714
2016-12-14,68.5714
2016-12-15,68.5714
2016-12-16,68.5714
2016-12-17,68.5714
2016-12-18,68.5714
2016-12-19,68.5714
2016-12-20,68.5714
2016-12-21,68.5714
2016-12-22,68.5714
2016-12-23,68.5714
2016-12-24,68.5714
2016-12-25,68.5714
2016-12-26,68.5714
2016-12-27,68.5714
2016-12-28,68.5714
2016-12-29,68.5714
2016-12-30,68.5714
2016-12-31,68.5714
2017-01-01,68.5714
2017-01-02,68.5714
2017-01-03,68.5714
2017-01-04,68.5714
2017-01-05,68.5714
2017-01-06,68.5714
2017-01-07,68.5714
2017-01-08,68.5714
2017-01-09,68.5714
2017-01-10,68.5714
2017-01-11,68.5714
2017-01-12,68.5714
2017-01-13,68.5714
2017-01-14,68.5714
2017-01-15,68.5714
2017-01-16,68.5714
2017-01-17,68.5714
2017-01-18,68.5714
2017-01-19,68.5714
2017-01-20,68.5714
2017-01-21,68.5714
2017-01-22,68.5714
2017-01-23,68.5714
2017-01-24,68.5714
2017-01-25,68.5714
2017-01-26,68.5714
2017-01-27,68.5714
2017-01-28,68.5714
2017-01-29,68.5714
2017-01-30,68.5714
2017-01-31,68.5714
2017-02-01,68.5714
2017-02-02,68.5714
2017-02-03,68.5714
2017-02-04,68.5714
2017-02-05,68.5714
2017-02-06,68.5714
2017-02-07,68.5714
2017-02-08,68.5714
2017-02-09,68.5714
2017-02-10,68.5714
2017-02-11,68.5714
2017-02-12,68.5714
2017-02-13,68.5714
2017-02-14,68.5714
2017-02-15,68.5714
2017-02-16,68.5714
2017-02-17,68.5714
2017-02-18,68.5714
2017-02-19,68.5714
2017-02-20,68.5714
2017-02-21,68.5714
2017-02-22,68.5714
2017-02-23,68.5714
2017-02-24,68.5714
2017-02-25,68.5714
2017-02-26,68.5714
2017-02-27,68.5714
2017-02-28,66.6667
2017-03-01,66.6667
2017-03-02,66.6667
2017-03-03,66.6667
2017-03-04,66.6667
2017-03-05,66.6667
2017-03-06,66.6667
2017-03-07,66.6667
2017-03-08,66.6667
2017-03-09,66.6667
2017-03-10,66.6667
2017-03-11,66.6667
2017-03-12,66.6667
2017-03-13,66.6667
2017-03-14,66.6667
2017-03-15,66.6667
2017-03-16,66.6667
2017-03-17,66.6667
2017-03-18,66.6667
2017-03-19,66.6667
2017-03-20,66.6667
2017-03-21,66.6667
2017-03-22,66.6667
2017-03-23,66.6667
2017-03-24,66.6667
2017-03-25,66.6667
2017-03-26,66.6667
2017-03-27,66.6667
2017-03-28,66.6667
2017-03-29,66.6667
2017-03-30,66.6667
2017-03-31,66.6667
2017-04-01,66.6667
2017-04-02,66.6667
2017-04-03,66.6667
2017-04-04,66.6667
2017-04-05,66.6667
2017-04-06,66.6667
2017-04-07,66.6667
2017-04-08,66.6667
2017-04-09,66.6667
2017-04-10,66.6667
2017-04-11,66.6667
2017-04-12,66.6667
2017-04-13,66.6667
2017-04-14,66.6667
2017-04-15,66.6667
2017-04-16,66.6667
2017-04-17,66.6667
2017-04-18,66.6667
2017-04-19,66.6667
2017-04-20,66.6667
2017-04-21,66.6667
2017-04-22,66.6667
2017-04-23,66.6667
2017-04-24,66.6667
2017-04-25,66.6667
2017-04-26,66.6667
2017-04-27,66.6667
2017-04-28,66.6667
2017-04-29,66.6667
2017-04-30,66.6667
2017-05-01,66.6667
2017-05-02,66.6667
2017-05-03,66.6667
2017-05-04,66.6667
2017-05-05,66.6667
2017-05-06,66.6667
2017-05-07,66.6667
2017-05-08,66.6667
2017-05-09,66.6667
2017-05-10,66.6667
2017-05-11,66.6667
2017-05-12,66.6667
2017-05-13,66.6667
2017-05-14,66.6667
2017-05-15,66.6667
2017-05-16,66.6667
2017-05-17,66.6667
2017-05-18,66.6667
2017-05-19,66.6667
2017-05-20,66.6667
2017-05-21,66.6667
2017-05-22,66.6667
2017-05-23,66.6667
2017-05-24,66.6667
2017-05-25,66.6667
2017-05-26,66.6667
2017-05-27,66.6667
2017-05-28,66.6667
2017-05-29,66.6667
2017-05-30,66.6667
2017-05-31,66.6667
2017-06-01,66.6667
2017-06-02,66.6667
2017-06-03,66.6667
2017-06-04,66.6667
2017-06-05,66.6667
2017-06-06,66.6667
2017-06-07,66.6667
2017-06-08,66.6667
2017-06-09,66.6667
2017-06-10,66.6667
2017-06-11,66.6667
2017-06-12,66.6667
2017-06-13,66.6667
2017-06-14,66.6667
2017-06-15,66.6667
2017-06-16,66.6667
2017-06-17,66.6667
2017-06-18,66.6667
2017-06-19,66.6667
2017-06-20,66.6667
2017-06-21,66.6667
2017-06-22,66.6667
2017-06-23,66.6667
2017-06-24,66.6667
2017-06-25,66.6667
2017-06-26,66.6667
2017-06-27,66.6667
2017-06-28,66.6667
2017-06-29,66.6667
2017-06-30,66.6667
2017-07-01,66.6667
2017-07-02,66.6667
2017-07-03,66.6667
2017-07-04,66.6667
2017-07-05,66.6667
2017-07-06,66.6667
2017-07-07,66.6667
2017-07-08,66.6667
2017-07-09,66.6667
2017-07-10,66.6667
2017-07-11,66.6667
2017-07-12,66.6667
2017-07-13,66.6667
2017-07-14,66.6667
2017-07-15,66.6667
2017-07-16,66.6667
2017-07-17,66.6667
2017-07-18,66.6667
2017-07-19,66.6667
2017-07-20,66.6667
2017-07-21,66.6667
2017-07-22,66.6667
2017-07-23,66.6667
2017-07-24,66.6667
2017-07-25,66.6667
2017-07-26,66.6667
2017-07-27,66.6667
2017-07-28,66.6667
2017-07-29,66.6667
2017-07-30,66.6667
2017-07-31,66.6667
2017-08-01,66.6667
2017-08-02,66.6667
2017-08-03,66.6667
2017-08-04,66.6667
2017-08-05,66.6667
2017-08-06,66.6667
2017-08-07,66.6667
2017-08-08,66.6667
2017-08-09,66.6667
2017-08-10,66.6667
2017-08-11,66.6667
2017-08-12,66.6667
2017-08-13,66.6667
2017-08-14,66.6667
2017-08-15,66.6667
2017-08-16,66.6667
2017-08-17,66.6667
2017-08-18,66.6667
2017-08-19,66.6667
2017-08-20,66.6667
2017-08-21,66.6667
2017-08-22,66.6667
2017-08-23,66.6667
2017-08-24,66.6667
2017-08-25,66.6667
2017-08-26,66.6667
2017-08-27,66.6667
2017-08-28,66.6667
2017-08-29,66.6667
2017-08-30,66.6667
2017-08-31,65.3521
2017-09-01,65.3521
2017-09-02,65.3521
2017-09-03,65.3521
2017-09-04,65.3521
2017-09-05,65.3521
2017-09-06,65.3521
2017-09-07,65.3521
2017-09-08,65.3521
2017-09-09,65.3521
2017-09-10,65.3521
2017-09-11,65.3521
2017-09-12,65.3521
2017-09-13,65.3521
2017-09-14,65.3521
2017-09-15,65.3521
2017-09-16,65.3521
2017-09-17,65.3521
2017-09-18,65.3521
2017-09-19,65.3521
2017-09-20,65.3521
2017-09-21,65.3521
2017-09-22,65.3521
2017-09-23,65.3521
2017-09-24,65.3521
2017-09-25,65.3521
2017-09-26,65.3521
2017-09-27,65.3521
2017-09-28,65.3521
2017-09-29,65.3521
2017-09-30,65.3521
2017-10-01,65.3521
2017-10-02,65.3521
2017-10-03,65.3521
2017-10-04,65.3521
2017-10-05,65.3521
2017-10-06,65.3521
2017-10-07,65.3521
2017-10-08,65.3521
2017-10-09,65.3521
2017-10-10,65.3521
2017-10-11,65.3521
2017-10-12,65.3521
2017-10-13,65.3521
2017-10-14,65.3521
2017-10-15,65.3521
2017-10-16,65.3521
2017-10-17,65.3521
2017-10-18,65.3521
2017-10-19,65.3521
2017-10-20,65.3521
2017-10-21,65.3521
2017-10-22,65.3521
2017-10-23,65.3521
2017-10-24,65.3521
2017-10-25,65.3521
2017-10-26,65.3521
2017-10-27,65.3521
2017-10-28,65.3521
2017-10-29,65.3521
2017-10-30,65.3521
2017-10-31,65.3521
2017-11-01,65.3521
2017-11-02,65.3521
2017-11-03,65.3521
2017-11-04,65.3521
2017-11-05,65.3521
2017-11-06,65.3521
2017-11-07,65.3521
2017-11-08,65.3521
2017-11-09,65.3521
2017-11-10,65.3521
2017-11-11,65.3521
2017-11-12,65.3521
2017-11-13,65.3521
2017-11-14,65.3521
2017-11-15,65.3521
2017-11-16,65.3521
2017-11-17,65.3521
2017-11-18,65.3521
2017-11-19,65.3521
2017-11-20,65.3521
2017-11-21,65.3521
2017-11-22,65.3521
2017-11-23,65.3521
2017-11-24,65.3521
2017-11-25,65.3521
2017-11-26,65.3521
2017-11-27,65.3521
2017-11-28,65.3521
2017-11-29,65.3521
2017-11-30,65.3521
2017-12-01,65.3521
2017-12-02,65.3521
2017-12-03,65.3521
2017-12-04,65.3521
2017-12-05,65.3521
2017-12-06,65.3521
2017-12-07,65.3521
2017-12-08,65.3521
2017-12-09,65.3521
2017-12-10,65.3521
2017-12-11,65.3521
2017-12-12,65.3521
2017-12-13,65.3521
2017-12-14,65.3521
2017-12-15,65.3521
2017-12-16,65.3521
2017-12-17,65.3521
2017-12-18,65.3521
2017-12-19,65.3521
2017-12-20,65.3521
2017-12-21,65.3521
2017-12-22,65.3521
2017-12-23,65.3521
2017-12-24,65.3521
2017-12-25,65.3521
2017-12-26,65.3521
2017-12-27,65.3521
2017-12-28,65.3521
2017-12-29,65.3521
2017-12-30,65.3521
2017-12-31,65.3521
2018-01-01,65.3521
2018-01-02,65.3521
2018-01-03,65.3521
2018-01-04,65.3521
2018-01-05,65.3521
2018-01-06,65.3521
2018-01-07,65.3521
2018-01-08,65.3521
2018-01-09,65.3521
2018-01-10,65.3521
2018-01-11,65.3521
2018-01-12,65.3521
2018-01-13,65.3521
2018-01-14,65.3521
2018-01-15,65.3521
2018-01-16,65.3521
2018-01-17,65.3521
2018-01-18,65.3521
2018-01-19,65.3521
2018-01-20,65.3521
2018-01-21,65.3521
2018-01-22,65.3521
2018-01-23,65.3521
2018-01-24,65.3521
2018-01-25,65.3521
2018-01-26,65.3521
2018-01-27,65.3521
2018-01-28,65.3521
2018-01-29,65.3521
2018-01-30,65.3521
2018-01-31,65.3521
2018-02-01,65.3521
2018-02-02,65.3521
2018-02-03,65.3521
2018-02-04,65.3521
2018-02-05,65.3521
2018-02-06,65.3521
2018-02-07,65.3521
2018-02-08,65.3521
2018-02-09,65.3521
2018-02-10,65.3521
2018-02-11,65.3521
2018-02-12,65.3521
2018-02-13,65.3521
2018-02-14,65.3521
2018-02-15,65.3521
2018-02-16,65.3521
2018-02-17,65.3521
2018-02-18,65.3521
2018-02-19,65.3521
2018-02-20,65.3521
2018-02-21,65.3521
2018-02-22,65.3521
2018-02-23,65.3521
2018-02-24,65.3521
2018-02-25,65.3521
2018-02-26,65.3521
2018-02-27,65.3521
2018-02-28,60.9626
2018-03-01,60.9626
2018-03-02,60.9626
2018-03-03,60.9626
2018-03-04,60.9626
2018-03-05,60.9626
2018-03-06,60.9626
2018-03-07,60.9626
2018-03-08,60.9626
2018-03-09,60.9626
2018-03-10,60.9626
2018-03-11,60.9626
2018-03-12,60.9626
2018-03-13,60.9626
2018-03-14,60.9626
2018-03-15,60.9626
2018-03-16,60.9626
2018-03-17,60.9626
2018-03-18,60.9626
2018-03-19,60.9626
2018-03-20,60.9626
2018-03-21,60.9626
2018-03-22,60.9626
2018-03-23,60.9626
2018-03-24,60.9626
2018-03-25,60.9626
2018-03-26,60.9626
2018-03-27,60.9626
2018-03-28,60.9626
2018-03-29,60.9626
2018-03-30,60.9626
2018-03-31,60.9626
2018-04-01,60.9626
2018-04-02,60.9626
2018-04-03,60.9626
2018-04-04,60.9626
2018-04-05,60.9626
2018-04-06,60.9626
2018-04-07,60.9626
2018-04-08,60.9626
2018-04-09,60.9626
2018-04-10,60.9626
2018-04-11,60.9626
2018-04-12,60.9626
2018-04-13,60.9626
2018-04-14,60.9626
2018-04-15,60.9626
2018-04-16,60.9626
2018-04-17,60.9626
2018-04-18,60.9626
2018-04-19,60.9626
2018-04-20,60.9626
2018-04-21,60.9626
2018-04-22,60.9626
2018-04-23,60.9626
2018-04-24,60.9626
2018-04-25,60.9626
2018-04-26,60.9626
2018-04-27,60.9626
2018-04-28,60.9626
2018-04-29,60.9626
2018-04-30,60.9626
2018-05-01,60.9626
2018-05-02,60.9626
2018-05-03,60.9626
2018-05-04,60.9626
2018-05-05,60.9626
2018-05-06,60.9626
2018-05-07,60.9626
2018-05-08,60.9626
2018-05-09,60.9626
2018-05-10,60.9626
2018-05-11,60.9626
2018-05-12,60.9626
2018-05-13,60.9626
2018-05-14,60.9626
2018-05-15,60.9626
2018-05-16,60.9626
2018-05-17,60.9626
2018-05-18,60.9626
2018-05-19,60.9626
2018-05-20,60.9626
2018-05-21,60.9626
2018-05-22,60.9626
2018-05-23,60.9626
2018-05-24,60.9626
2018-05-25,60.9626
2018-05-26,60.9626
2018-05-27,60.9626
2018-05-28,60.9626
2018-05-29,60.9626
2018-05-30,60.9626
2018-05-31,60.9626
2018-06-01,60.9626
2018-06-02,60.9626
2018-06-03,60.9626
2018-06-04,60.9626
2018-06-05,60.9626
2018-06-06,60.9626
2018-06-07,60.9626
2018-06-08,60.9626
2018-06-09,60.9626
2018-06-10,60.9626
2018-06-11,60.9626
2018-06-12,60.9626
2018-06-13,60.9626
2018-06-14,60.9626
2018-06-15,60.9626
2018-06-16,60.9626
2018-06-17,60.9626
2018-06-18,60.9626
2018-06-19,60.9626
2018-06-20,60.9626
2018-06-21,60.9626
2018-06-22,60.9626
2018-06-23,60.9626
2018-06-24,60.9626
2018-06-25,60.9626
2018-06-26,60.9626
2018-06-27,60.9626
2018-06-28,60.9626
2018-06-29,60.9626
2018-06-30,60.9626
2018-07-01,60.9626
2018-07-02,60.9626
2018-07-03,60.9626
2018-07-04,60.9626
2018-07-05,60.9626
2018-07-06,60.9626
2018-07-07,60.9626
2018-07-08,60.9626
2018-07-09,60.9626
2018-07-10,60.9626
2018-07-11,60.9626
2018-07-12,60.9626
2018-07-13,60.9626
2018-07-14,60.9626
2018-07-15,60.9626
2018-07-16,60.9626
2018-07-17,60.9626
2018-07-18,60.9626
2018-07-19,60.9626
2018-07-20,60.9626
2018-07-21,60.9626
2018-07-22,60.9626
2018-07-23,60.9626
2018-07-24,60.9626
2018-07-25,60.9626
2018-07-26,60.9626
2018-07-27,60.9626
2018-07-28,60.9626
2018-07-29,60.9626
2018-07-30,60.9626
2018-07-31,60.9626
2018-08-01,60.9626
2018-08-02,60.9626
2018-08-03,60.9626
2018-08-04,60.9626
2018-08-05,60.9626
2018-08-06,60.9626
2018-08-07,60.9626
2018-08-08,60.9626
2018-08-09,60.9626
2018-08-10,60.9626
2018-08-11,60.9626
2018-08-12,60.9626
2018-08-13,60.9626
2018-08-14,60.9626
2018-08-15,60.9626
2018-08-16,60.9626
2018-08-17,60.9626
2018-08-18,60.9626
2018-08-19,60.9626
2018-08-20,60.9626
2018-08-21,60.9626
2018-08-22,60.9626
2018-08-23,60.9626
2018-08-24,60.9626
2018-08-25,60.9626
2018-08-26,60.9626
2018-08-27,60.9626
2018-08-28,60.9626
2018-08-29,60.9626
2018-08-30,60.9626
2018-08-31,54.1353
2018-09-01,54.1353
2018-09-02,54.1353
2018-09-03,54.1353
2018-09-04,54.1353
2018-09-05,54.1353
2018-09-06,54.1353
2018-09-07,54.1353
2018-09-08,54.1353
2018-09-09,54.1353
2018-09-10,54.1353
2018-09-11,54.1353
2018-09-12,54.1353
2018-09-13,54.1353
2018-09-14,54.1353
2018-09-15,54.1353
2018-09-16,54.1353
2018-09-17,54.1353
2018-09-18,54.1353
2018-09-19,54.1353
2018-09-20,54.1353
2018-09-21,54.1353
2018-09-22,54.1353
2018-09-23,54.1353
2018-09-24,54.1353
2018-09-25,54.1353
2018-09-26,54.1353
2018-09-27,54.1353
2018-09-28,54.1353
2018-09-29,54.1353
2018-09-30,54.1353
2018-10-01,54.1353
2018-10-02,54.1353
2018-10-03,54.1353
2018-10-04,54.1353
2018-10-05,54.1353
2018-10-06,54.1353
2018-10-07,54.1353
2018-10-08,54.1353
2018-10-09,54.1353
2018-10-10,54.1353
2018-10-11,54.1353
2018-10-12,54.1353
2018-10-13,54.1353
2018-10-14,54.1353
2018-10-15,54.1353
2018-10-16,54.1353
2018-10-17,54.1353
2018-10-18,54.1353
2018-10-19,54.1353
2018-10-20,54.1353
2018-10-21,54.1353
2018-10-22,54.1353
2018-10-23,54.1353
2018-10-24,54.1353
2018-10-25,54.1353
2018-10-26,54.1353
2018-10-27,54.1353
2018-10-28,54.1353
2018-10-29,54.1353
2018-10-30,54.1353
2018-10-31,54.1353
2018-11-01,54.1353
2018-11-02,54.1353
2018-11-03,54.1353
2018-11-04,54.1353
2018-11-05,54.1353
2018-11-06,54.1353
2018-11-07,54.1353
2018-11-08,54.1353
2018-11-09,54.1353
2018-11-10,54.1353
2018-11-11,54.1353
2018-11-12,54.1353
2018-11-13,54.1353
2018-11-14,54.1353
2018-11-15,54.1353
2018-11-16,54.1353
2018-11-17,54.1353
2018-11-18,54.1353
2018-11-19,54.1353
2018-11-20,54.1353
2018-11-21,54.1353
2018-11-22,54.1353
2018-11-23,54.1353
2018-11-24,54.1353
2018-11-25,54.1353
2018-11-26,54.1353
2018-11-27,54.1353
2018-11-28,54.1353
2018-11-29,54.1353
2018-11-30,54.1353
2018-12-01,54.1353
2018-12-02,54.1353
2018-12-03,54.1353
2018-12-04,54.1353
2018-12-05,54.1353
2018-12-06,54.1353
2018-12-07,54.1353
2018-12-08,54.1353
2018-12-09,54.1353
2018-12-10,54.1353
2018-12-11,54.1353
2018-12-12,54.1353
2018-12-13,54.1353
2018-12-14,54.1353
2018-12-15,54.1353
2018-12-16,54.1353
2018-12-17,54.1353
2018-12-18,54.1353
2018-12-19,54.1353
2018-12-20,54.1353
2018-12-21,54.1353
2018-12-22,54.1353
2018-12-23,54.1353
2018-12-24,54.1353
2018-12-25,54.1353
2018-12-26,54.1353
2018-12-27,54.1353
2018-12-28,54.1353
2018-12-29,54.1353
2018-12-30,54.1353
2018-12-31,54.1353
2019-01-01,54.1353
2019-01-02,54.1353
2019-01-03,54.1353
2019-01-04,54.1353
2019-01-05,54.1353
2019-01-06,54.1353
2019-01-07,54.1353
2019-01-08,54.1353
2019-01-09,54.1353
2019-01-10,54.1353
2019-01-11,54.1353
2019-01-12,54.1353
2019-01-13,54.1353
2019-01-14,54.1353
2019-01-15,54.1353
2019-01-16,54.1353
2019-01-17,54.1353
2019-01-18,54.1353
2019-01-19,54.1353
2019-01-20,54.1353
2019-01-21,54.1353
2019-01-22,54.1353
2019-01-23,54.1353
2019-01-24,54.1353
2019-01-25,54.1353
2019-01-26,54.1353
2019-01-27,54.1353
2019-01-28,54.1353
2019-01-29,54.1353
2019-01-30,54.1353
2019-01-31,54.1353
2019-02-01,54.1353
2019-02-02,54.1353
2019-02-03,54.1353
2019-02-04,54.1353
2019-02-05,54.1353
2019-02-06,54.1353
2019-02-07,54.1353
2019-02-08,54.1353
2019-02-09,54.1353
2019-02-10,54.1353
2019-02-11,54.1353
2019-02-12,54.1353
2019-02-13,54.1353
2019-02-14,54.1353
2019-02-15,54.1353
2019-02-16,54.1353
2019-02-17,54.1353
2019-02-18,54.1353
2019-02-19,54.1353
2019-02-20,54.1353
2019-02-21,54.1353
2019-02-22,54.1353
2019-02-23,54.1353
2019-02-24,54.1353
2019-02-25,54.1353
2019-02-26,54.1353
2019-02-27,54.1353
2019-02-28,47.4227
2019-03-01,47.4227
2019-03-02,47.4227
2019-03-03,47.4227
2019-03-04,47.4227
2019-03-05,47.4227
2019-03-06,47.4227
2019-03-07,47.4227
2019-03-08,47.4227
2019-03-09,47.4227
2019-03-10,47.4227
2019-03-11,47.4227
2019-03-12,47.4227
2019-03-13,47.4227
2019-03-14,47.4227
2019-03-15,47.4227
2019-03-16,47.4227
2019-03-17,47.4227
2019-03-18,47.4227
2019-03-19,47.4227
2019-03-20,47.4227
2019-03-21,47.4227
2019-03-22,47.4227
2019-03-23,47.4227
2019-03-24,47.4227
2019-03-25,47.4227
2019-03-26,47.4227
2019-03-27,47.4227
2019-03-28,47.4227
2019-03-29,47.4227
2019-03-30,47.4227
2019-03-31,47.4227
2019-04-01,47.4227
2019-04-02,47.4227
2019-04-03,47.4227
2019-04-04,47.4227
2019-04-05,47.4227
2019-04-06,47.4227
2019-04-07,47.4227
2019-04-08,47.4227
2019-04-09,47.4227
2019-04-10,47.4227
2019-04-11,47.4227
2019-04-12,47.4227
2019-04-13,47.4227
2019-04-14,47.4227
2019-04-15,47.4227
2019-04-16,47.4227
2019-04-17,47.4227
2019-04-18,47.4227
2019-04-19,47.4227
2019-04-20,47.4227
2019-04-21,47.4227
2019-04-22,47.4227
2019-04-23,47.4227
2019-04-24,47.4227
2019-04-25,47.4227
2019-04-26,47.4227
2019-04-27,47.4227
2019-04-28,47.4227
2019-04-29,47.4227
2019-04-30,47.4227
2019-05-01,47.4227
2019-05-02,47.4227
2019-05-03,47.4227
2019-05-04,47.4227
2019-05-05,47.4227
2019-05-06,47.4227
2019-05-07,47.4227
2019-05-08,47.4227
2019-05-09,47.4227
2019-05-10,47.4227
2019-05-11,47.4227
2019-05-12,47.4227
2019-05-13,47.4227
2019-05-14,47.4227
2019-05-15,47.4227
2019-05-16,47.4227
2019-05-17,47.4227
2019-05-18,47.4227
2019-05-19,47.4227
2019-05-20,47.4227
2019-05-21,47.4227
2019-05-22,47.4227
2019-05-23,47.4227
2019-05-24,47.4227
2019-05-25,47.4227
2019-05-26,47.4227
2019-05-27,47.4227
2019-05-28,47.4227
2019-05-29,47.4227
2019-05-30,47.4227
2019-05-31,47.4227
2019-06-01,47.4227
2019-06-02,47.4227
2019-06-03,47.4227
2019-06-04,47.4227
2019-06-05,47.4227
2019-06-06,47.4227
2019-06-07,47.4227
2019-06-08,47.4227
2019-06-09,47.4227
2019-06-10,47.4227
2019-06-11,47.4227
2019-06-12,47.4227
2019-06-13,47.4227
2019-06-14,47.4227
2019-06-15,47.4227
2019-06-16,47.4227
2019-06-17,47.4227
2019-06-18,47.4227
2019-06-19,47.4227
2019-06-20,47.4227
2019-06-21,47.4227
2019-06-22,47.4227
2019-06-23,47.4227
2019-06-24,47.4227
2019-06-25,47.4227
2019-06-26,47.4227
2019-06-27,47.4227
2019-06-28,47.4227
2019-06-29,47.4227
2019-06-30,47.4227
2019-07-01,47.4227
2019-07-02,47.4227
2019-07-03,47.4227
2019-07-04,47.4227
2019-07-05,47.4227
2019-07-06,47.4227
2019-07-07,47.4227
2019-07-08,47.4227
2019-07-09,47.4227
2019-07-10,47.4227
2019-07-11,47.4227
2019-07-12,47.4227
2019-07-13,47.4227
2019-07-14,47.4227
2019-07-15,47.4227
2019-07-16,47.4227
2019-07-17,47.4227
2019-07-18,47.4227
2019-07-19,47.4227
2019-07-20,47.4227
2019-07-21,47.4227
2019-07-22,47.4227
2019-07-23,47.4227
2019-07-24,47.4227
2019-07-25,47.4227
2019-07-26,47.4227
2019-07-27,47.4227
2019-07-28,47.4227
2019-07-29,47.4227
2019-07-30,47.4227
2019-07-31,47.4227
2019-08-01,47.4227
2019-08-02,47.4227
2019-08-03,47.4227
2019-08-04,47.4227
2019-08-05,47.4227
2019-08-06,47.4227
2019-08-07,47.4227
2019-08-08,47.4227
2019-08-09,47.4227
2019-08-10,47.4227
2019-08-11,47.4227
2019-08-12,47.4227
2019-08-13,47.4227
2019-08-14,47.4227
2019-08-15,47.4227
2019-08-16,47.4227
2019-08-17,47.4227
2019-08-18,47.4227
2019-08-19,47.4227
2019-08-20,47.4227
2019-08-21,47.4227
2019-08-22,47.4227
2019-08-23,47.4227
2019-08-24,47.4227
2019-08-25,47.4227
2019-08-26,47.4227
2019-08-27,47.4227
2019-08-28,47.4227
2019-08-29,47.4227
2019-08-30,47.4227
2019-08-31,47.4273
2019-09-01,47.4273
2019-09-02,47.4273
2019-09-03,47.4273
2019-09-04,47.4273
2019-09-05,47.4273
2019-09-06,47.4273
2019-09-07,47.4273
2019-09-08,47.4273
2019-09-09,47.4273
2019-09-10,47.4273
2019-09-11,47.4273
2019-09-12,47.4273
2019-09-13,47.4273
2019-09-14,47.4273
2019-09-15,47.4273
2019-09-16,47.4273
2019-09-17,47.4273
2019-09-18,47.4273
2019-09-19,47.4273
2019-09-20,47.4273
2019-09-21,47.4273
2019-09-22,47.4273
2019-09-23,47.4273
2019-09-24,47.4273
2019-09-25,47.4273
2019-09-26,47.4273
2019-09-27,47.4273
2019-09-28,47.4273
2019-09-29,47.4273
2019-09-30,47.4273
2019-10-01,47.4273
2019-10-02,47.4273
2019-10-03,47.4273
2019-10-04,47.4273
2019-10-05,47.4273
2019-10-06,47.4273
2019-10-07,47.4273
2019-10-08,47.4273
2019-10-09,47.4273
2019-10-10,47.4273
2019-10-11,47.4273
2019-10-12,47.4273
2019-10-13,47.4273
2019-10-14,47.4273
2019-10-15,47.4273
2019-10-16,47.4273
2019-10-17,47.4273
2019-10-18,47.4273
2019-10-19,47.4273
2019-10-20,47.4273
2019-10-21,47.4273
2019-10-22,47.4273
2019-10-23,47.4273
2019-10-24,47.4273
2019-10-25,47.4273
2019-10-26,47.4273
2019-10-27,47.4273
2019-10-28,47.4273
2019-10-29,47.4273
2019-10-30,47.4273
2019-10-31,47.4273
2019-11-01,47.4273
2019-11-02,47.4273
2019-11-03,47.4273
2019-11-04,47.4273
2019-11-05,47.4273
2019-11-06,47.4273
2019-11-07,47.4273
2019-11-08,47.4273
2019-11-09,47.4273
2019-11-10,47.4273
2019-11-11,47.4273
2019-11-12,47.4273
2019-11-13,47.4273
2019-11-14,47.4273
2019-11-15,47.4273
2019-11-16,47.4273
2019-11-17,47.4273
2019-11-18,47.4273
2019-11-19,47.4273
2019-11-20,47.4273
2019-11-21,47.4273
2019-11-22,47.4273
2019-11-23,47.4273
2019-11-24,47.4273
2019-11-25,47.4273
2019-11-26,47.4273
2019-11-27,47.4273
2019-11-28,47.4273
2019-11-29,47.4273
2019-11-30,47.4273
2019-12-01,47.4273
2019-12-02,47.4273
2019-12-03,47.4273
2019-12-04,47.4273
2019-12-05,47.4273
2019-12-06,47.4273
2019-12-07,47.4273
2019-12-08,47.4273
2019-12-09,47.4273
2019-12-10,47.4273
2019-12-11,47.4273
2019-12-12,47.4273
2019-12-13,47.4273
2019-12-14,47.4273
2019-12-15,47.4273
2019-12-16,47.4273
2019-12-17,47.4273
2019-12-18,47.4273
2019-12-19,47.4273
2019-12-20,47.4273
2019-12-21,47.4273
2019-12-22,47.4273
2019-12-23,47.4273
2019-12-24,47.4273
2019-12-25,47.4273
2019-12-26,47.4273
2019-12-27,47.4273
2019-12-28,47.4273
2019-12-29,47.4273
2019-12-30,47.4273
2019-12-31,47.4273
2020-01-01,47.4273
2020-01-02,47.4273
2020-01-03,47.4273
2020-01-04,47.4273
2020-01-05,47.4273
2020-01-06,47.4273
2020-01-07,47.4273
2020-01-08,47.4273
2020-01-09,47.4273
2020-01-10,47.4273
2020-01-11,47.4273
2020-01-12,47.4273
2020-01-13,47.4273
2020-01-14,47.4273
2020-01-15,47.4273
2020-01-16,47.4273
2020-01-17,47.4273
2020-01-18,47.4273
2020-01-19,47.4273
2020-01-20,47.4273
2020-01-21,47.4273
2020-01-22,47.4273
2020-01-23,47.4273
2020-01-24,47.4273
2020-01-25,47.4273
2020-01-26,47.4273
2020-01-27,47.4273
2020-01-28,47.4273
2020-01-29,47.4273
2020-01-30,47.4273
2020-01-31,47.4273
2020-02-01,47.4273
2020-02-02,47.4273
2020-02-03,47.4273
2020-02-04,47.4273
2020-02-05,47.4273
2020-02-06,47.4273
2020-02-07,47.4273
2020-02-08,47.4273
2020-02-09,47.4273
2020-02-10,47.4273
2020-02-11,47.4273
2020-02-12,47.4273
2020-02-13,47.4273
2020-02-14,47.4273
2020-02-15,47.4273
2020-02-16,47.4273
2020-02-17,47.4273
2020-02-18,47.4273
2020-02-19,47.4273
2020-02-20,47.4273
2020-02-21,47.4273
2020-02-22,47.4273
2020-02-23,47.4273
2020-02-24,47.4273
2020-02-25,47.4273
2020-02-26,47.4273
2020-02-27,47.4273
2020-02-28,47.4273
2020-02-29,37.6384
2020-03-01,37.6384
2020-03-02,37.6384
2020-03-03,37.6384
2020-03-04,37.6384
2020-03-05,37.6384
2020-03-06,37.6384
2020-03-07,37.6384
2020-03-08,37.6384
2020-03-09,37.6384
2020-03-10,37.6384
2020-03-11,37.6384
2020-03-12,37.6384
2020-03-13,37.6384
2020-03-14,37.6384
2020-03-15,37.6384
2020-03-16,37.6384
2020-03-17,37.6384
2020-03-18,37.6384
2020-03-19,37.6384
2020-03-20,37.6384
2020-03-21,37.6384
2020-03-22,37.6384
2020-03-23,37.6384
2020-03-24,37.6384
2020-03-25,37.6384
2020-03-26,37.6384
2020-03-27,37.6384
2020-03-28,37.6384
2020-03-29,37.6384
2020-03-30,37.6384
2020-03-31,37.6384
2020-04-01,37.6384
2020-04-02,37.6384
2020-04-03,37.6384
2020-04-04,37.6384
2020-04-05,37.6384
2020-04-06,37.6384
2020-04-07,37.6384
2020-04-08,37.6384
2020-04-09,37.6384
2020-04-10,37.6384
2020-04-11,37.6384
2020-04-12,37.6384
2020-04-13,37.6384
2020-04-14,37.6384
2020-04-15,37.6384
2020-04-16,37.6384
2020-04-17,37.6384
2020-04-18,37.6384
2020-04-19,37.6384
2020-04-20,37.6384
2020-04-21,37.6384
2020-04-22,37.6384
2020-04-23,37.6384
2020-04-24,37.6384
2020-04-25,37.6384
2020-04-26,37.6384
2020-04-27,37.6384
2020-04-28,37.6384
2020-04-29,37.6384
2020-04-30,37.6384
2020-05-01,37.6384
2020-05-02,37.6384
2020-05-03,37.6384
2020-05-04,37.6384
2020-05-05,37.6384
2020-05-06,37.6384
2020-05-07,37.6384
2020-05-08,37.6384
2020-05-09,37.6384
2020-05-10,37.6384
2020-05-11,37.6384
2020-05-12,37.6384
2020-05-13,37.6384
2020-05-14,37.6384
2020-05-15,37.6384
2020-05-16,37.6384
2020-05-17,37.6384
2020-05-18,37.6384
2020-05-19,37.6384
2020-05-20,37.6384
2020-05-21,37.6384
2020-05-22,37.6384
2020-05-23,37.6384
2020-05-24,37.6384
2020-05-25,37.6384
2020-05-26,37.6384
2020-05-27,37.6384
2020-05-28,37.6384
2020-05-29,37.6384
2020-05-30,37.6384
2020-05-31,37.6384
2020-06-01,37.6384
2020-06-02,37.6384
2020-06-03,37.6384
2020-06-04,37.6384
2020-06-05,37.6384
2020-06-06,37.6384
2020-06-07,37.6384
2020-06-08,37.6384
2020-06-09,37.6384
2020-06-10,37.6384
2020-06-11,37.6384
2020-06-12,37.6384
2020-06-13,37.6384
2020-06-14,37.6384
2020-06-15,37.6384
2020-06-16,37.6384
2020-06-17,37.6384
2020-06-18,37.6384
2020-06-19,37.6384
2020-06-20,37.6384
2020-06-21,37.6384
2020-06-22,37.6384
2020-06-23,37.6384
2020-06-24,37.6384
2020-06-25,37.6384
2020-06-26,37.6384
2020-06-27,37.6384
2020-06-28,37.6384
2020-06-29,37.6384
2020-06-30,37.6384
2020-07-01,37.6384
2020-07-02,37.6384
2020-07-03,37.6384
2020-07-04,37.6384
2020-07-05,37.6384
2020-07-06,37.6384
2020-07-07,37.6384
2020-07-08,37.6384
2020-07-09,37.6384
2020-07-10,37.6384
2020-07-11,37.6384
2020-07-12,37.6384
2020-07-13,37.6384
2020-07-14,37.6384
2020-07-15,37.6384
2020-07-16,37.6384
2020-07-17,37.6384
2020-07-18,37.6384
2020-07-19,37.6384
2020-07-20,37.6384
2020-07-21,37.6384
2020-07-22,37.6384
2020-07-23,37.6384
2020-07-24,37.6384
2020-07-25,37.6384
2020-07-26,37.6384
2020-07-27,37.6384
2020-07-28,37.6384
2020-07-29,37.6384
2020-07-30,37.6384
2020-07-31,37.6384
2020-08-01,37.6384
2020-08-02,37.6384
2020-08-03,37.6384
2020-08-04,37.6384
2020-08-05,37.6384
2020-08-06,37.6384
2020-08-07,37.6384
2020-08-08,37.6384
2020-08-09,37.6384
2020-08-10,37.6384
2020-08-11,37.6384
2020-08-12,37.6384
2020-08-13,37.6384
2020-08-14,37.6384
2020-08-15,37.6384
2020-08-16,37.6384
2020-08-17,37.6384
2020-08-18,37.6384
2020-08-19,37.6384
2020-08-20,37.6384
2020-08-21,37.6384
2020-08-22,37.6384
2020-08-23,37.6384
2020-08-24,37.6384
2020-08-25,37.6384
2020-08-26,37.6384
2020-08-27,37.6384
2020-08-28,37.6384
2020-08-29,37.6384
2020-08-30,37.6384
2020-08-31,-104.5952
2020-09-01,-104.5952
2020-09-02,-104.5952
2020-09-03,-104.5952
2020-09-04,-104.5952
2020-09-05,-104.5952
2020-09-06,-104.5952
2020-09-07,-104.5952
2020-09-08,-104.5952
2020-09-09,-104.5952
2020-09-10,-104.5952
2020-09-11,-104.5952
2020-09-12,-104.5952
2020-09-13,-104.5952
2020-09-14,-104.5952
2020-09-15,-104.5952
2020-09-16,-104.5952
2020-09-17,-104.5952
2020-09-18,-104.5952
2020-09-19,-104.5952
2020-09-20,-104.5952
2020-09-21,-104.5952
2020-09-22,-104.5952
2020-09-23,-104.5952
2020-09-24,-104.5952
2020-09-25,-104.5952
2020-09-26,-104.5952
2020-09-27,-104.5952
2020-09-28,-104.5952
2020-09-29,-104.5952
2020-09-30,-104.5952
2020-10-01,-104.5952
2020-10-02,-104.5952
2020-10-03,-104.5952
2020-10-04,-104.5952
2020-10-05,-104.5952
2020-10-06,-104.5952
2020-10-07,-104.5952
2020-10-08,-104.5952
2020-10-09,-104.5952
2020-10-10,-104.5952
2020-10-11,-104.5952
2020-10-12,-104.5952
2020-10-13,-104.5952
2020-10-14,-104.5952
2020-10-15,-104.5952
2020-10-16,-104.5952
2020-10-17,-104.5952
2020-10-18,-104.5952
2020-10-19,-104.5952
2020-10-20,-104.5952
2020-10-21,-104.5952
2020-10-22,-104.5952
2020-10-23,-104.5952
2020-10-24,-104.5952
2020-10-25,-104.5952
2020-10-26,-104.5952
2020-10-27,-104.5952
2020-10-28,-104.5952
2020-10-29,-104.5952
2020-10-30,-104.5952
2020-10-31,-104.5952
2020-11-01,-104.5952
2020-11-02,-104.5952
2020-11-03,-104.5952
2020-11-04,-104.5952
2020-11-05,-104.5952
2020-11-06,-104.5952
2020-11-07,-104.5952
2020-11-08,-104.5952
2020-11-09,-104.5952
2020-11-10,-104.5952
2020-11-11,-104.5952
2020-11-12,-104.5952
2020-11-13,-104.5952
2020-11-14,-104.5952
2020-11-15,-104.5952
2020-11-16,-104.5952
2020-11-17,-104.5952
2020-11-18,-104.5952
2020-11-19,-104.5952
2020-11-20,-104.5952
2020-11-21,-104.5952
2020-11-22,-104.5952
2020-11-23,-104.5952
2020-11-24,-104.5952
2020-11-25,-104.5952
2020-11-26,-104.5952
2020-11-27,-104.5952
2020-11-28,-104.5952
2020-11-29,-104.5952
2020-11-30,-104.5952
2020-12-01,-104.5952
2020-12-02,-104.5952
2020-12-03,-104.5952
2020-12-04,-104.5952
2020-12-05,-104.5952
2020-12-06,-104.5952
2020-12-07,-104.5952
2020-12-08,-104.5952
2020-12-09,-104.5952
2020-12-10,-104.5952
2020-12-11,-104.5952
2020-12-12,-104.5952
2020-12-13,-104.5952
2020-12-14,-104.5952
2020-12-15,-104.5952
2020-12-16,-104.5952
2020-12-17,-104.5952
2020-12-18,-104.5952
2020-12-19,-104.5952
2020-12-20,-104.5952
2020-12-21,-104.5952
2020-12-22,-104.5952
2020-12-23,-104.5952
2020-12-24,-104.5952
2020-12-25,-104.5952
2020-12-26,-104.5952
2020-12-27,-104.5952
2020-12-28,-104.5952
2020-12-29,-104.5952
2020-12-30,-104.5952
2020-12-31,-104.5952
2021-01-01,-104.5952
2021-01-02,-104.5952
2021-01-03,-104.5952
2021-01-04,-104.5952
2021-01-05,-104.5952
2021-01-06,-104.5952
2021-01-07,-104.5952
2021-01-08,-104.5952
2021-01-09,-104.5952
2021-01-10,-104.5952
2021-01-11,-104.5952
2021-01-12,-104.5952
2021-01-13,-104.5952
2021-01-14,-104.5952
2021-01-15,-104.5952
2021-01-16,-104.5952
2021-01-17,-104.5952
2021-01-18,-104.5952
2021-01-19,-104.5952
2021-01-20,-104.5952
2021-01-21,-104.5952
2021-01-22,-104.5952
2021-01-23,-104.5952
2021-01-24,-104.5952
2021-01-25,-104.5952
2021-01-26,-104.5952
2021-01-27,-104.5952
2021-01-28,-104.5952
2021-01-29,-104.5952
2021-01-30,-104.5952
2021-01-31,-104.5952
2021-02-01,-104.5952
2021-02-02,-104.5952
2021-02-03,-104.5952
2021-02-04,-104.5952
2021-02-05,-104.5952
2021-02-06,-104.5952
2021-02-07,-104.5952
2021-02-08,-104.5952
2021-02-09,-104.5952
2021-02-10,-104.5952
2021-02-11,-104.5952
2021-02-12,-104.5952
2021-02-13,-104.5952
2021-02-14,-104.5952
2021-02-15,-104.5952
2021-02-16,-104.5952
2021-02-17,-104.5952
2021-02-18,-104.5952
2021-02-19,-104.5952
2021-02-20,-104.5952
2021-02-21,-104.5952
2021-02-22,-104.5952
2021-02-23,-104.5952
2021-02-24,-104.5952
2021-02-25,-104.5952
2021-02-26,-104.5952
2021-02-27,-104.5952
2021-02-28,-121.5909
2021-03-01,-121.5909
2021-03-02,-121.5909
2021-03-03,-121.5909
2021-03-04,-121.5909
2021-03-05,-121.5909
2021-03-06,-121.5909
2021-03-07,-121.5909
2021-03-08,-121.5909
2021-03-09,-121.5909
2021-03-10,-121.5909
2021-03-11,-121.5909
2021-03-12,-121.5909
2021-03-13,-121.5909
2021-03-14,-121.5909
2021-03-15,-121.5909
2021-03-16,-121.5909
2021-03-17,-121.5909
2021-03-18,-121.5909
2021-03-19,-121.5909
2021-03-20,-121.5909
2021-03-21,-121.5909
2021-03-22,-121.5909
2021-03-23,-121.5909
2021-03-24,-121.5909
2021-03-25,-121.5909
2021-03-26,-121.5909
2021-03-27,-121.5909
2021-03-28,-121.5909
2021-03-29,-121.5909
2021-03-30,-121.5909
2021-03-31,-121.5909
2021-04-01,-121.5909
2021-04-02,-121.5909
2021-04-03,-121.5909
2021-04-04,-121.5909
2021-04-05,-121.5909
2021-04-06,-121.5909
2021-04-07,-121.5909
2021-04-08,-121.5909
2021-04-09,-121.5909
2021-04-10,-121.5909
2021-04-11,-121.5909
2021-04-12,-121.5909
2021-04-13,-121.5909
2021-04-14,-121.5909
2021-04-15,-121.5909
2021-04-16,-121.5909
2021-04-17,-121.5909
2021-04-18,-121.5909
2021-04-19,-121.5909
2021-04-20,-121.5909
2021-04-21,-121.5909
2021-04-22,-121.5909
2021-04-23,-121.5909
2021-04-24,-121.5909
2021-04-25,-121.5909
2021-04-26,-121.5909
2021-04-27,-121.5909
2021-04-28,-121.5909
2021-04-29,-121.5909
2021-04-30,-121.5909
2021-05-01,-121.5909
2021-05-02,-121.5909
2021-05-03,-121.5909
2021-05-04,-121.5909
2021-05-05,-121.5909
2021-05-06,-121.5909
2021-05-07,-121.5909
2021-05-08,-121.5909
2021-05-09,-121.5909
2021-05-10,-121.5909
2021-05-11,-121.5909
2021-05-12,-121.5909
2021-05-13,-121.5909
2021-05-14,-121.5909
2021-05-15,-121.5909
2021-05-16,-121.5909
2021-05-17,-121.5909
2021-05-18,-121.5909
2021-05-19,-121.5909
2021-05-20,-121.5909
2021-05-21,-121.5909
2021-05-22,-121.5909
2021-05-23,-121.5909
2021-05-24,-121.5909
2021-05-25,-121.5909
2021-05-26,-121.5909
2021-05-27,-121.5909
2021-05-28,-121.5909
2021-05-29,-121.5909
2021-05-30,-121.5909
2021-05-31,-121.5909
2021-06-01,-121.5909
2021-06-02,-121.5909
2021-06-03,-121.5909
2021-06-04,-121.5909
2021-06-05,-121.5909
2021-06-06,-121.5909
2021-06-07,-121.5909
2021-06-08,-121.5909
2021-06-09,-121.5909
2021-06-10,-121.5909
2021-06-11,-121.5909
2021-06-12,-121.5909
2021-06-13,-121.5909
2021-06-14,-121.5909
2021-06-15,-121.5909
2021-06-16,-121.5909
2021-06-17,-121.5909
2021-06-18,-121.5909
2021-06-19,-121.5909
2021-06-20,-121.5909
2021-06-21,-121.5909
2021-06-22,-121.5909
2021-06-23,-121.5909
2021-06-24,-121.5909
2021-06-25,-121.5909
2021-06-26,-121.5909
2021-06-27,-121.5909
2021-06-28,-121.5909
2021-06-29,-121.5909
2021-06-30,-121.5909
2021-07-01,-121.5909
2021-07-02,-121.5909
2021-07-03,-121.5909
2021-07-04,-121.5909
2021-07-05,-121.5909
2021-07-06,-121.5909
2021-07-07,-121.5909
2021-07-08,-121.5909
2021-07-09,-121.5909
2021-07-10,-121.5909
2021-07-11,-121.5909
2021-07-12,-121.5909
2021-07-13,-121.5909
2021-07-14,-121.5909
2021-07-15,-121.5909
2021-07-16,-121.5909
2021-07-17,-121.5909
2021-07-18,-121.5909
2021-07-19,-121.5909
2021-07-20,-121.5909
2021-07-21,-121.5909
2021-07-22,-121.5909
2021-07-23,-121.5909
2021-07-24,-121.5909
2021-07-25,-121.5909
2021-07-26,-121.5909
2021-07-27,-121.5909
2021-07-28,-121.5909
2021-07-29,-121.5909
2021-07-30,-121.5909
2021-07-31,-121.5909
2021-08-01,-121.5909
2021-08-02,-121.5909
2021-08-03,-121.5909
2021-08-04,-121.5909
2021-08-05,-121.5909
2021-08-06,-121.5909
2021-08-07,-121.5909
2021-08-08,-121.5909
2021-08-09,-121.5909
2021-08-10,-121.5909
2021-08-11,-121.5909
2021-08-12,-121.5909
2021-08-13,-121.5909
2021-08-14,-121.5909
2021-08-15,-121.5909
2021-08-16,-121.5909
2021-08-17,-121.5909
2021-08-18,-121.5909
2021-08-19,-121.5909
2021-08-20,-121.5909
2021-08-21,-121.5909
2021-08-22,-121.5909
2021-08-23,-121.5909
2021-08-24,-121.5909
2021-08-25,-121.5909
2021-08-26,-121.5909
2021-08-27,-121.5909
2021-08-28,-121.5909
2021-08-29,-121.5909
2021-08-30,-121.5909
2021-08-31,-41.519
2021-09-01,-41.519
2021-09-02,-41.519
2021-09-03,-41.519
2021-09-04,-41.519
2021-09-05,-41.519
2021-09-06,-41.519
2021-09-07,-41.519
2021-09-08,-41.519
2021-09-09,-41.519
2021-09-10,-41.519
2021-09-11,-41.519
2021-09-12,-41.519
2021-09-13,-41.519
2021-09-14,-41.519
2021-09-15,-41.519
2021-09-16,-41.519
2021-09-17,-41.519
2021-09-18,-41.519
2021-09-19,-41.519
2021-09-20,-41.519
2021-09-21,-41.519
2021-09-22,-41.519
2021-09-23,-41.519
2021-09-24,-41.519
2021-09-25,-41.519
2021-09-26,-41.519
2021-09-27,-41.519
2021-09-28,-41.519
2021-09-29,-41.519
2021-09-30,-41.519
2021-10-01,-41.519
2021-10-02,-41.519
2021-10-03,-41.519
2021-10-04,-41.519
2021-10-05,-41.519
2021-10-06,-41.519
2021-10-07,-41.519
2021-10-08,-41.519
2021-10-09,-41.519
2021-10-10,-41.519
2021-10-11,-41.519
2021-10-12,-41.519
2021-10-13,-41.519
2021-10-14,-41.519
2021-10-15,-41.519
2021-10-16,-41.519
2021-10-17,-41.519
2021-10-18,-41.519
2021-10-19,-41.519
2021-10-20,-41.519
2021-10-21,-41.519
2021-10-22,-41.519
2021-10-23,-41.519
2021-10-24,-41.519
2021-10-25,-41.519
2021-10-26,-41.519
2021-10-27,-41.519
2021-10-28,-41.519
2021-10-29,-41.519
2021-10-30,-41.519
2021-10-31,-41.519
2021-11-01,-41.519
2021-11-02,-41.519
2021-11-03,-41.519
2021-11-04,-41.519
2021-11-05,-41.519
2021-11-06,-41.519
2021-11-07,-41.519
2021-11-08,-41.519
2021-11-09,-41.519
2021-11-10,-41.519
2021-11-11,-41.519
2021-11-12,-41.519
2021-11-13,-41.519
2021-11-14,-41.519
2021-11-15,-41.519
2021-11-16,-41.519
2021-11-17,-41.519
2021-11-18,-41.519
2021-11-19,-41.519
2021-11-20,-41.519
2021-11-21,-41.519
2021-11-22,-41.519
2021-11-23,-41.519
2021-11-24,-41.519
2021-11-25,-41.519
2021-11-26,-41.519
2021-11-27,-41.519
2021-11-28,-41.519
2021-11-29,-41.519
2021-11-30,-41.519
2021-12-01,-41.519
2021-12-02,-41.519
2021-12-03,-41.519
2021-12-04,-41.519
2021-12-05,-41.519
2021-12-06,-41.519
2021-12-07,-41.519
2021-12-08,-41.519
2021-12-09,-41.519
2021-12-10,-41.519
2021-12-11,-41.519
2021-12-12,-41.519
2021-12-13,-41.519
2021-12-14,-41.519
2021-12-15,-41.519
2021-12-16,-41.519
2021-12-17,-41.519
2021-12-18,-41.519
2021-12-19,-41.519
2021-12-20,-41.519
2021-12-21,-41.519
2021-12-22,-41.519
2021-12-23,-41.519
2021-12-24,-41.519
2021-12-25,-41.519
2021-12-26,-41.519
2021-12-27,-41.519
2021-12-28,-41.519
2021-12-29,-41.519
2021-12-30,-41.519
2021-12-31,-41.519
2022-01-01,-41.519
2022-01-02,-41.519
2022-01-03,-41.519
2022-01-04,-41.519
2022-01-05,-41.519
2022-01-06,-41.519
2022-01-07,-41.519
2022-01-08,-41.519
2022-01-09,-41.519
2022-01-10,-41.519
2022-01-11,-41.519
2022-01-12,-41.519
2022-01-13,-41.519
2022-01-14,-41.519
2022-01-15,-41.519
2022-01-16,-41.519
2022-01-17,-41.519
2022-01-18,-41.519
2022-01-19,-41.519
2022-01-20,-41.519
2022-01-21,-41.519
2022-01-22,-41.519
2022-01-23,-41.519
2022-01-24,-41.519
2022-01-25,-41.519
2022-01-26,-41.519
2022-01-27,-41.519
2022-01-28,-41.519
2022-01-29,-41.519
2022-01-30,-41.519
2022-01-31,-41.519
2022-02-01,-41.519
2022-02-02,-41.519
2022-02-03,-41.519
2022-02-04,-41.519
2022-02-05,-41.519
2022-02-06,-41.519
2022-02-07,-41.519
2022-02-08,-41.519
2022-02-09,-41.519
2022-02-10,-41.519
2022-02-11,-41.519
2022-02-12,-41.519
2022-02-13,-41.519
2022-02-14,-41.519
2022-02-15,-41.519
2022-02-16,-41.519
2022-02-17,-41.519
2022-02-18,-41.519
2022-02-19,-41.519
2022-02-20,-41.519
2022-02-21,-41.519
2022-02-22,-41.519
2022-02-23,-41.519
2022-02-24,-41.519
2022-02-25,-41.519
2022-02-26,-41.519
2022-02-27,-41.519
2022-02-28,-18.9702
2022-03-01,-18.9702
2022-03-02,-18.9702
2022-03-03,-18.9702
2022-03-04,-18.9702
2022-03-05,-18.9702
2022-03-06,-18.9702
2022-03-07,-18.9702
2022-03-08,-18.9702
2022-03-09,-18.9702
2022-03-10,-18.9702
2022-03-11,-18.9702
2022-03-12,-18.9702
2022-03-13,-18.9702
2022-03-14,-18.9702
2022-03-15,-18.9702
2022-03-16,-18.9702
2022-03-17,-18.9702
2022-03-18,-18.9702
2022-03-19,-18.9702
2022-03-20,-18.9702
2022-03-21,-18.9702
2022-03-22,-18.9702
2022-03-23,-18.9702
2022-03-24,-18.9702
2022-03-25,-18.9702
2022-03-26,-18.9702
2022-03-27,-18.9702
2022-03-28,-18.9702
2022-03-29,-18.9702
2022-03-30,-18.9702
2022-03-31,-18.9702
2022-04-01,-18.9702
2022-04-02,-18.9702
2022-04-03,-18.9702
2022-04-04,-18.9702
2022-04-05,-18.9702
2022-04-06,-18.9702
2022-04-07,-18.9702
2022-04-08,-18.9702
2022-04-09,-18.9702
2022-04-10,-18.9702
2022-04-11,-18.9702
2022-04-12,-18.9702
2022-04-13,-18.9702
2022-04-14,-18.9702
2022-04-15,-18.9702
2022-04-16,-18.9702
2022-04-17,-18.9702
2022-04-18,-18.9702
2022-04-19,-18.9702
2022-04-20,-18.9702
2022-04-21,-18.9702
2022-04-22,-18.9702
2022-04-23,-18.9702
2022-04-24,-18.9702
2022-04-25,-18.9702
2022-04-26,-18.9702
2022-04-27,-18.9702
2022-04-28,-18.9702
2022-04-29,-18.9702
2022-04-30,-18.9702
2022-05-01,-18.9702
2022-05-02,-18.9702
2022-05-03,-18.9702
2022-05-04,-18.9702
2022-05-05,-18.9702
2022-05-06,-18.9702
2022-05-07,-18.9702
2022-05-08,-18.9702
2022-05-09,-18.9702
2022-05-10,-18.9702
2022-05-11,-18.9702
2022-05-12,-18.9702
2022-05-13,-18.9702
2022-05-14,-18.9702
2022-05-15,-18.9702
2022-05-16,-18.9702
2022-05-17,-18.9702
2022-05-18,-18.9702
2022-05-19,-18.9702
2022-05-20,-18.9702
2022-05-21,-18.9702
2022-05-22,-18.9702
2022-05-23,-18.9702
2022-05-24,-18.9702
2022-05-25,-18.9702
2022-05-26,-18.9702
2022-05-27,-18.9702
2022-05-28,-18.9702
2022-05-29,-18.9702
2022-05-30,-18.9702
2022-05-31,-18.9702
2022-06-01,-18.9702
2022-06-02,-18.9702
2022-06-03,-18.9702
2022-06-04,-18.9702
2022-06-05,-18.9702
2022-06-06,-18.9702
2022-06-07,-18.9702
2022-06-08,-18.9702
2022-06-09,-18.9702
2022-06-10,-18.9702
2022-06-11,-18.9702
2022-06-12,-18.9702
2022-06-13,-18.9702
2022-06-14,-18.9702
2022-06-15,-18.9702
2022-06-16,-18.9702
2022-06-17,-18.9702
2022-06-18,-18.9702
2022-06-19,-18.9702
2022-06-20,-18.9702
2022-06-21,-18.9702
2022-06-22,-18.9702
2022-06-23,-18.9702
2022-06-24,-18.9702
2022-06-25,-18.9702
2022-06-26,-18.9702
2022-06-27,-18.9702
2022-06-28,-18.9702
2022-06-29,-18.9702
2022-06-30,-18.9702
2022-07-01,-18.9702
2022-07-02,-18.9702
2022-07-03,-18.9702
2022-07-04,-18.9702
2022-07-05,-18.9702
2022-07-06,-18.9702
2022-07-07,-18.9702
2022-07-08,-18.9702
2022-07-09,-18.9702
2022-07-10,-18.9702
2022-07-11,-18.9702
2022-07-12,-18.9702
2022-07-13,-18.9702
2022-07-14,-18.9702
2022-07-15,-18.9702
2022-07-16,-18.9702
2022-07-17,-18.9702
2022-07-18,-18.9702
2022-07-19,-18.9702
2022-07-20,-18.9702
2022-07-21,-18.9702
2022-07-22,-18.9702
2022-07-23,-18.9702
2022-07-24,-18.9702
2022-07-25,-18.9702
2022-07-26,-18.9702
2022-07-27,-18.9702
2022-07-28,-18.9702
2022-07-29,-18.9702
2022-07-30,-18.9702
2022-07-31,-18.9702
2022-08-01,-18.9702
2022-08-02,-18.9702
2022-08-03,-18.9702
2022-08-04,-18.9702
2022-08-05,-18.9702
2022-08-06,-18.9702
2022-08-07,-18.9702
2022-08-08,-18.9702
2022-08-09,-18.9702
2022-08-10,-18.9702
2022-08-11,-18.9702
2022-08-12,-18.9702
2022-08-13,-18.9702
2022-08-14,-18.9702
2022-08-15,-18.9702
2022-08-16,-18.9702
2022-08-17,-18.9702
2022-08-18,-18.9702
2022-08-19,-18.9702
2022-08-20,-18.9702
2022-08-21,-18.9702
2022-08-22,-18.9702
2022-08-23,-18.9702
2022-08-24,-18.9702
2022-08-25,-18.9702
2022-08-26,-18.9702
2022-08-27,-18.9702
2022-08-28,-18.9702
2022-08-29,-18.9702
2022-08-30,-18.9702
2022-08-31,20.0855
2022-09-01,20.0855
2022-09-02,20.0855
2022-09-03,20.0855
2022-09-04,20.0855
2022-09-05,20.0855
2022-09-06,20.0855
2022-09-07,20.0855
2022-09-08,20.0855
2022-09-09,20.0855
2022-09-10,20.0855
2022-09-11,20.0855
2022-09-12,20.0855
2022-09-13,20.0855
2022-09-14,20.0855
2022-09-15,20.0855
2022-09-16,20.0855
2022-09-17,20.0855
2022-09-18,20.0855
2022-09-19,20.0855
2022-09-20,20.0855
2022-09-21,20.0855
2022-09-22,20.0855
2022-09-23,20.0855
2022-09-24,20.0855
2022-09-25,20.0855
2022-09-26,20.0855
2022-09-27,20.0855
2022-09-28,20.0855
2022-09-29,20.0855
2022-09-30,20.0855
2022-10-01,20.0855
2022-10-02,20.0855
2022-10-03,20.0855
2022-10-04,20.0855
2022-10-05,20.0855
2022-10-06,20.0855
2022-10-07,20.0855
2022-10-08,20.0855
2022-10-09,20.0855
2022-10-10,20.0855
2022-10-11,20.0855
2022-10-12,20.0855
2022-10-13,20.0855
2022-10-14,20.0855
2022-10-15,20.0855
2022-10-16,20.0855
2022-10-17,20.0855
2022-10-18,20.0855
2022-10-19,20.0855
2022-10-20,20.0855
2022-10-21,20.0855
2022-10-22,20.0855
2022-10-23,20.0855
2022-10-24,20.0855
2022-10-25,20.0855
2022-10-26,20.0855
2022-10-27,20.0855
2022-10-28,20.0855
2022-10-29,20.0855
2022-10-30,20.0855
2022-10-31,20.0855
2022-11-01,20.0855
2022-11-02,20.0855
2022-11-03,20.0855
2022-11-04,20.0855
2022-11-05,20.0855
2022-11-06,20.0855
2022-11-07,20.0855
2022-11-08,20.0855
2022-11-09,20.0855
2022-11-10,20.0855
2022-11-11,20.0855
2022-11-12,20.0855
2022-11-13,20.0855
2022-11-14,20.0855
2022-11-15,20.0855
2022-11-16,20.0855
2022-11-17,20.0855
2022-11-18,20.0855
2022-11-19,20.0855
2022-11-20,20.0855
2022-11-21,20.0855
2022-11-22,20.0855
2022-11-23,20.0855
2022-11-24,20.0855
2022-11-25,20.0855
2022-11-26,20.0855
2022-11-27,20.0855
2022-11-28,20.0855
2022-11-29,20.0855
2022-11-30,20.0855
2022-12-01,20.0855
2022-12-02,20.0855
2022-12-03,20.0855
2022-12-04,20.0855
2022-12-05,20.0855
2022-12-06,20.0855
2022-12-07,20.0855
2022-12-08,20.0855
2022-12-09,20.0855
2022-12-10,20.0855
2022-12-11,20.0855
2022-12-12,20.0855
2022-12-13,20.0855
2022-12-14,20.0855
2022-12-15,20.0855
2022-12-16,20.0855
2022-12-17,20.0855
2022-12-18,20.0855
2022-12-19,20.0855
2022-12-20,20.0855
2022-12-21,20.0855
2022-12-22,20.0855
2022-12-23,20.0855
2022-12-24,20.0855
2022-12-25,20.0855
2022-12-26,20.0855
2022-12-27,20.0855
2022-12-28,20.0855
2022-12-29,20.0855
2022-12-30,20.0855
2022-12-31,20.0855
2023-01-01,20.0855
2023-01-02,20.0855
2023-01-03,20.0855
2023-01-04,20.0855
2023-01-05,20.0855
2023-01-06,20.0855
2023-01-07,20.0855
2023-01-08,20.0855
2023-01-09,20.0855
2023-01-10,20.0855
2023-01-11,20.0855
2023-01-12,20.0855
2023-01-13,20.0855
2023-01-14,20.0855
2023-01-15,20.0855
2023-01-16,20.0855
2023-01-17,20.0855
2023-01-18,20.0855
2023-01-19,20.0855
2023-01-20,20.0855
2023-01-21,20.0855
2023-01-22,20.0855
2023-01-23,20.0855
2023-01-24,20.0855
2023-01-25,20.0855
2023-01-26,20.0855
2023-01-27,20.0855
2023-01-28,20.0855
2023-01-29,20.0855
2023-01-30,20.0855
2023-01-31,20.0855
2023-02-01,20.0855
2023-02-02,20.0855
2023-02-03,20.0855
2023-02-04,20.0855
2023-02-05,20.0855
2023-02-06,20.0855
2023-02-07,20.0855
2023-02-08,20.0855
2023-02-09,20.0855
2023-02-10,20.0855
2023-02-11,20.0855
2023-02-12,20.0855
2023-02-13,20.0855
2023-02-14,20.0855
2023-02-15,20.0855
2023-02-16,20.0855
2023-02-17,20.0855
2023-02-18,20.0855
2023-02-19,20.0855
2023-02-20,20.0855
2023-02-21,20.0855
2023-02-22,20.0855
2023-02-23,20.0855
2023-02-24,20.0855
2023-02-25,20.0855
2023-02-26,20.0855
2023-02-27,20.0855
2023-02-28,26.7465
2023-03-01,26.7465
2023-03-02,26.7465
2023-03-03,26.7465
2023-03-04,26.7465
2023-03-05,26.7465
2023-03-06,26.7465
2023-03-07,26.7465
2023-03-08,26.7465
2023-03-09,26.7465
2023-03-10,26.7465
2023-03-11,26.7465
2023-03-12,26.7465
2023-03-13,26.7465
2023-03-14,26.7465
2023-03-15,26.7465
2023-03-16,26.7465
2023-03-17,26.7465
2023-03-18,26.7465
2023-03-19,26.7465
2023-03-20,26.7465
2023-03-21,26.7465
2023-03-22,26.7465
2023-03-23,26.7465
2023-03-24,26.7465
2023-03-25,26.7465
2023-03-26,26.7465
2023-03-27,26.7465
2023-03-28,26.7465
2023-03-29,26.7465
2023-03-30,26.7465
2023-03-31,26.7465
2023-04-01,26.7465
2023-04-02,26.7465
2023-04-03,26.7465
2023-04-04,26.7465
2023-04-05,26.7465
2023-04-06,26.7465
2023-04-07,26.7465
2023-04-08,26.7465
2023-04-09,26.7465
2023-04-10,26.7465
2023-04-11,26.7465
2023-04-12,26.7465
2023-04-13,26.7465
2023-04-14,26.7465
2023-04-15,26.7465
2023-04-16,26.7465
2023-04-17,26.7465
2023-04-18,26.7465
2023-04-19,26.7465
2023-04-20,26.7465
2023-04-21,26.7465
2023-04-22,26.7465
2023-04-23,26.7465
2023-04-24,26.7465
2023-04-25,26.7465
2023-04-26,26.7465
2023-04-27,26.7465
2023-04-28,26.7465
2023-04-29,26.7465
2023-04-30,26.7465
2023-05-01,26.7465
2023-05-02,26.7465
2023-05-03,26.7465
2023-05-04,26.7465
2023-05-05,26.7465
2023-05-06,26.7465
2023-05-07,26.7465
2023-05-08,26.7465
2023-05-09,26.7465
2023-05-10,26.7465
2023-05-11,26.7465
2023-05-12,26.7465
2023-05-13,26.7465
2023-05-14,26.7465
2023-05-15,26.7465
2023-05-16,26.7465
2023-05-17,26.7465
2023-05-18,26.7465
2023-05-19,26.7465
2023-05-20,26.7465
2023-05-21,26.7465
2023-05-22,26.7465
2023-05-23,26.7465
2023-05-24,26.7465
2023-05-25,26.7465
2023-05-26,26.7465
2023-05-27,26.7465
2023-05-28,26.7465
2023-05-29,26.7465
2023-05-30,26.7465
2023-05-31,26.7465
2023-06-01,26.7465
2023-06-02,26.7465
2023-06-03,26.7465
2023-06-04,26.7465
2023-06-05,26.7465
2023-06-06,26.7465
2023-06-07,26.7465
2023-06-08,26.7465
2023-06-09,26.7465
2023-06-10,26.7465
2023-06-11,26.7465
2023-06-12,26.7465
2023-06-13,26.7465
2023-06-14,26.7465
2023-06-15,26.7465
2023-06-16,26.7465
2023-06-17,26.7465
2023-06-18,26.7465
2023-06-19,26.7465
2023-06-20,26.7465
2023-06-21,26.7465
2023-06-22,26.7465
2023-06-23,26.7465
2023-06-24,26.7465
2023-06-25,26.7465
2023-06-26,26.7465
2023-06-27,26.7465
2023-06-28,26.7465
2023-06-29,26.7465
2023-06-30,26.7465
2023-07-01,26.7465
2023-07-02,26.7465
2023-07-03,26.7465
2023-07-04,26.7465
2023-07-05,26.7465
2023-07-06,26.7465
2023-07-07,26.7465
2023-07-08,26.7465
2023-07-09,26.7465
2023-07-10,26.7465
2023-07-11,26.7465
2023-07-12,26.7465
2023-07-13,26.7465
2023-07-14,26.7465
2023-07-15,26.7465
2023-07-16,26.7465
2023-07-17,26.7465
2023-07-18,26.7465
2023-07-19,26.7465
2023-07-20,26.7465
2023-07-21,26.7465
2023-07-22,26.7465
2023-07-23,26.7465
2023-07-24,26.7465
2023-07-25,26.7465
2023-07-26,26.7465
2023-07-27,26.7465
2023-07-28,26.7465
2023-07-29,26.7465
2023-07-30,26.7465
2023-07-31,26.7465
2023-08-01,26.7465
2023-08-02,26.7465
2023-08-03,26.7465
2023-08-04,26.7465
2023-08-05,26.7465
2023-08-06,26.7465
2023-08-07,26.7465
2023-08-08,26.7465
2023-08-09,26.7465
2023-08-10,26.7465
2023-08-11,26.7465
2023-08-12,26.7465
2023-08-13,26.7465
2023-08-14,26.7465
2023-08-15,26.7465
2023-08-16,26.7465
2023-08-17,26.7465
2023-08-18,26.7465
2023-08-19,26.7465
2023-08-20,26.7465
2023-08-21,26.7465
2023-08-22,26.7465
2023-08-23,26.7465
2023-08-24,26.7465
2023-08-25,26.7465
2023-08-26,26.7465
2023-08-27,26.7465
2023-08-28,26.7465
2023-08-29,26.7465
2023-08-30,26.7465
2023-08-31,25.817
2023-09-01,25.817
2023-09-02,25.817
2023-09-03,25.817
2023-09-04,25.817
2023-09-05,25.817
2023-09-06,25.817
2023-09-07,25.817
2023-09-08,25.817
2023-09-09,25.817
2023-09-10,25.817
2023-09-11,25.817
2023-09-12,25.817
2023-09-13,25.817
2023-09-14,25.817
2023-09-15,25.817
2023-09-16,25.817
2023-09-17,25.817
2023-09-18,25.817
2023-09-19,25.817
2023-09-20,25.817
2023-09-21,25.817
2023-09-22,25.817
2023-09-23,25.817
2023-09-24,25.817
2023-09-25,25.817
2023-09-26,25.817
2023-09-27,25.817
2023-09-28,25.817
2023-09-29,25.817
2023-09-30,25.817
2023-10-01,25.817
2023-10-02,25.817
2023-10-03,25.817
2023-10-04,25.817
2023-10-05,25.817
2023-10-06,25.817
2023-10-07,25.817
2023-10-08,25.817
2023-10-09,25.817
2023-10-10,25.817
2023-10-11,25.817
2023-10-12,25.817
2023-10-13,25.817
2023-10-14,25.817
2023-10-15,25.817
2023-10-16,25.817
2023-10-17,25.817
2023-10-18,25.817
2023-10-19,25.817
2023-10-20,25.817
2023-10-21,25.817
2023-10-22,25.817
2023-10-23,25.817
2023-10-24,25.817
2023-10-25,25.817
2023-10-26,25.817
2023-10-27,25.817
2023-10-28,25.817
2023-10-29,25.817
2023-10-30,25.817
2023-10-31,25.817
2023-11-01,25.817
2023-11-02,25.817
2023-11-03,25.817
2023-11-04,25.817
2023-11-05,25.817
2023-11-06,25.817
2023-11-07,25.817
2023-11-08,25.817
2023-11-09,25.817
2023-11-10,25.817
2023-11-11,25.817
2023-11-12,25.817
2023-11-13,25.817
2023-11-14,25.817
2023-11-15,25.817
2023-11-16,25.817
2023-11-17,25.817
2023-11-18,25.817
2023-11-19,25.817
2023-11-20,25.817
2023-11-21,25.817
2023-11-22,25.817
2023-11-23,25.817
2023-11-24,25.817
2023-11-25,25.817
2023-11-26,25.817
2023-11-27,25.817
2023-11-28,25.817
2023-11-29,25.817
2023-11-30,25.817
2023-12-01,25.817
2023-12-02,25.817
2023-12-03,25.817
2023-12-04,25.817
2023-12-05,25.817
2023-12-06,25.817
2023-12-07,25.817
2023-12-08,25.817
2023-12-09,25.817
2023-12-10,25.817
2023-12-11,25.817
2023-12-12,25.817
2023-12-13,25.817
2023-12-14,25.817
2023-12-15,25.817
2023-12-16,25.817
2023-12-17,25.817
2023-12-18,25.817
2023-12-19,25.817
2023-12-20,25.817
2023-12-21,25.817
2023-12-22,25.817
2023-12-23,25.817
2023-12-24,25.817
2023-12-25,25.817
2023-12-26,25.817
2023-12-27,25.817
2023-12-28,25.817
2023-12-29,25.817
2023-12-30,25.817
2023-12-31,25.817
2024-01-01,25.817
2024-01-02,25.817
2024-01-03,25.817
2024-01-04,25.817
2024-01-05,25.817
2024-01-06,25.817
2024-01-07,25.817
2024-01-08,25.817
2024-01-09,25.817
2024-01-10,25.817
2024-01-11,25.817
2024-01-12,25.817
2024-01-13,25.817
2024-01-14,25.817
2024-01-15,25.817
2024-01-16,25.817
2024-01-17,25.817
2024-01-18,25.817
2024-01-19,25.817
2024-01-20,25.817
2024-01-21,25.817
2024-01-22,25.817
2024-01-23,25.817
2024-01-24,25.817
2024-01-25,25.817
2024-01-26,25.817
2024-01-27,25.817
2024-01-28,25.817
2024-01-29,25.817
2024-01-30,25.817
2024-01-31,25.817
2024-02-01,25.817
2024-02-02,25.817
2024-02-03,25.817
2024-02-04,25.817
2024-02-05,25.817
2024-02-06,25.817
2024-02-07,25.817
2024-02-08,25.817
2024-02-09,25.817
2024-02-10,25.817
2024-02-11,25.817
2024-02-12,25.817
2024-02-13,25.817
2024-02-14,25.817
2024-02-15,25.817
2024-02-16,25.817
2024-02-17,25.817
2024-02-18,25.817
2024-02-19,25.817
2024-02-20,25.817
2024-02-21,25.817
2024-02-22,25.817
2024-02-23,25.817
2024-02-24,25.817
2024-02-25,25.817
2024-02-26,25.817
2024-02-27,25.817
2024-02-28,25.817
2024-02-29,25.817
2024-03-01,25.817
2024-03-02,25.817
2024-03-03,25.817
2024-03-04,25.817
2024-03-05,25.817
2024-03-06,25.817
2024-03-07,25.817
2024-03-08,25.817
2024-03-09,25.817
2024-03-10,25.817
2024-03-11,25.817
2024-03-12,25.817
2024-03-13,25.817
2024-03-14,25.817
2024-03-15,25.817
2024-03-16,25.817
2024-03-17,25.817
2024-03-18,25.817
2024-03-19,25.817
2024-03-20,25.817
2024-03-21,25.817
